Modo_solicitud,Orden_solicitud,Carrera,Asistencia_diurna_nocturna,Calificacion_previa,Calificacion_madre,Calificacion_padre,Ocupacion_madre,Ocupacion_padre,Desplazado,Deudor,Pagos_al_dia,Genero,Becado,Edad_al_matricularse,Unidades_1er_sem_matriculadas,Unidades_1er_sem_evaluaciones,Unidades_1er_sem_aprobadas,Unidades_1er_sem_nota,Unidades_2do_sem_matriculadas,Unidades_2do_sem_evaluaciones,Unidades_2do_sem_aprobadas,Unidades_2do_sem_nota,Tasa_desempleo,Tasa_inflacion,PIB
9,1,10,1,1,13,28,6,9,1,0,1,0,0,18,6,10,1,12.0,6,14,2,11.0,10.8,1.4,1.74
1,1,16,1,1,13,14,8,8,1,0,1,0,0,18,7,7,6,11.666666666666666,7,8,6,13.5,16.2,0.3,-0.92
9,4,13,1,1,1,28,5,8,1,0,1,0,0,20,7,14,7,11.4375,8,9,8,11.425,12.7,3.7,-1.7
1,1,10,1,1,13,28,10,10,1,1,1,0,1,18,6,8,5,11.6,6,12,4,11.0,7.6,2.6,0.32
1,1,6,1,1,13,14,4,4,1,0,1,0,0,18,5,9,5,12.666666666666666,5,7,4,13.0,9.4,-0.8,-3.12
8,2,12,1,1,3,3,2,11,1,0,1,1,0,19,7,9,6,12.933333333333332,7,7,6,13.716666666666669,16.2,0.3,-0.92
15,1,4,1,14,4,5,5,3,0,0,1,1,0,21,6,15,5,11.857142857142858,6,17,5,10.571428571428571,16.2,0.3,-0.92
1,1,9,1,1,1,1,5,7,0,0,0,1,0,18,5,9,3,11.333333333333334,5,8,2,13.5,8.9,1.4,3.51
8,1,17,0,1,23,28,5,6,0,0,1,0,0,24,5,9,2,11.5,5,11,3,14.333333333333334,7.6,2.6,0.32
1,1,12,1,1,22,28,7,7,1,0,1,0,1,19,8,10,6,11.833333333333334,8,10,6,11.833333333333334,9.4,-0.8,-3.12
1,1,15,1,1,1,14,8,8,1,0,1,0,1,20,6,11,4,14.0,6,12,3,11.0,9.4,-0.8,-3.12
1,3,2,1,1,23,27,5,10,1,0,1,0,0,18,0,0,0,0.0,0,0,0,0.0,7.6,2.6,0.32
8,3,2,1,1,1,27,5,8,1,0,1,1,1,19,0,0,0,0.0,0,0,0,0.0,10.8,1.4,1.74
8,1,5,1,1,1,1,4,5,1,0,1,1,0,19,6,6,5,11.4,6,8,1,10.0,10.8,1.4,1.74
14,1,5,1,1,1,1,4,4,0,0,1,1,0,24,6,6,0,0.0,6,6,0,0.0,12.7,3.7,-1.7
12,1,11,1,1,13,27,8,11,0,0,1,1,0,26,6,7,6,12.0,6,8,5,10.8,12.7,3.7,-1.7
8,1,9,1,1,23,27,6,6,0,0,1,1,0,18,5,9,0,0.0,5,5,0,0.0,7.6,2.6,0.32
8,1,11,1,1,13,14,5,5,0,0,1,1,0,18,5,6,5,12.0,5,8,3,11.333333333333334,12.7,3.7,-1.7
1,6,9,1,1,23,27,10,10,1,0,1,1,0,23,5,6,4,14.0,5,5,5,13.8,11.1,0.6,2.02
14,2,7,1,1,23,14,10,7,1,1,1,1,0,18,5,9,2,10.0,5,9,0,0.0,15.5,2.8,-4.06
6,1,7,1,1,23,3,10,3,1,0,1,1,0,19,5,9,5,14.0,5,11,3,13.25,13.9,-0.3,0.79
1,1,6,1,1,1,2,10,2,1,0,1,0,0,19,5,7,5,14.2,5,7,5,13.8,12.7,3.7,-1.7
8,2,16,1,1,13,1,10,4,1,0,1,0,0,20,7,12,6,11.666666666666666,7,10,3,13.0,16.2,0.3,-0.92
8,2,9,1,1,1,28,5,8,1,0,1,0,1,18,5,9,3,13.0,5,11,3,11.0,8.9,1.4,3.51
14,1,12,1,1,23,28,10,6,0,0,1,0,0,20,7,11,6,11.616666666666667,7,7,7,13.0,13.9,-0.3,0.79
8,1,10,1,1,13,27,10,8,1,0,1,0,1,20,6,13,2,10.0,6,12,4,10.75,7.6,2.6,0.32
8,1,9,1,1,13,14,4,4,0,0,1,0,0,20,5,11,3,10.333333333333334,5,10,3,10.666666666666666,12.4,0.5,1.79
1,1,16,1,1,13,28,10,4,1,0,1,0,1,18,6,8,5,12.8,6,7,5,13.4,9.4,-0.8,-3.12
1,2,12,1,1,13,1,5,8,0,0,1,0,1,20,7,9,5,13.188,8,9,7,12.892857142857142,11.1,0.6,2.02
16,1,9,1,1,3,1,4,4,1,1,0,0,0,22,5,8,0,0.0,5,7,0,0.0,8.9,1.4,3.51
1,1,2,1,1,3,27,3,9,1,0,1,0,0,18,0,0,0,0.0,0,0,0,0.0,9.4,-0.8,-3.12
8,1,16,1,1,23,28,8,7,1,0,1,0,0,18,6,11,3,12.333333333333334,6,10,5,10.833333333333334,9.4,-0.8,-3.12
12,1,4,1,1,1,27,7,7,0,1,1,0,0,47,1,1,0,0.0,6,0,0,0.0,8.9,1.4,3.51
12,1,6,1,1,22,14,10,8,1,0,1,0,0,28,5,13,4,11.25,5,11,4,10.5,12.7,3.7,-1.7
1,1,14,1,1,22,27,10,10,1,0,1,0,1,18,5,6,3,11.666666666666666,5,6,4,13.5,7.6,2.6,0.32
15,1,17,0,14,22,14,10,9,0,0,1,0,1,26,6,7,6,12.666666666666666,6,7,6,13.166666666666666,9.4,-0.8,-3.12
14,1,10,1,1,1,27,6,10,0,1,0,0,0,21,10,18,8,11.5,6,12,4,10.0,9.4,-0.8,-3.12
1,1,3,0,1,1,27,8,4,0,0,1,0,0,23,6,13,2,10.0,5,12,1,10.0,9.4,-0.8,-3.12
12,1,12,1,1,1,3,28,19,0,0,1,0,0,35,3,4,3,11.816666666666668,3,3,3,11.333333333333334,11.1,0.6,2.02
12,1,13,1,15,1,1,5,6,0,0,1,0,0,25,7,10,6,12.125,8,9,8,13.3125,15.5,2.8,-4.06
1,3,12,1,1,3,1,5,5,1,0,1,0,0,19,7,10,6,12.471428571428572,7,8,7,11.4625,12.4,0.5,1.79
7,1,2,1,1,3,3,4,4,1,0,1,0,0,24,17,19,11,12.909090909090908,13,15,9,13.555555555555555,12.4,0.5,1.79
1,3,5,1,1,13,28,10,10,1,0,1,0,0,19,6,7,5,12.4,6,6,5,12.4,9.4,-0.8,-3.12
1,1,15,1,1,22,27,10,9,1,0,1,0,0,18,6,12,1,11.0,6,12,0,0.0,9.4,-0.8,-3.12
8,3,5,1,1,22,27,10,10,0,0,1,0,0,18,6,6,6,11.833333333333334,6,6,6,12.5,7.6,2.6,0.32
1,1,12,1,1,13,14,6,7,0,0,1,0,1,18,7,7,7,13.79714285714286,8,8,8,13.775,12.4,0.5,1.79
8,1,5,1,1,4,27,3,10,0,0,1,0,0,18,6,8,6,12.5,6,6,6,12.333333333333334,15.5,2.8,-4.06
15,1,4,1,14,22,27,10,5,0,0,1,0,0,24,6,10,6,11.428571428571429,6,12,5,13.0,12.4,0.5,1.79
1,1,14,1,1,1,14,5,11,1,0,1,0,0,19,6,8,4,11.0,6,9,4,11.0,10.8,1.4,1.74
8,1,12,1,1,23,28,8,8,0,0,1,0,0,20,7,11,6,11.757142857142856,8,12,6,13.083333333333334,15.5,2.8,-4.06
3,3,6,1,1,1,14,8,6,1,0,1,0,0,19,5,9,3,10.333333333333334,5,8,3,13.0,7.6,2.6,0.32
1,1,16,1,1,2,14,5,5,1,0,1,0,0,18,6,9,5,12.6,6,8,5,11.4,9.4,-0.8,-3.12
1,1,6,1,1,13,28,10,6,1,0,1,0,0,18,5,11,5,14.0,5,7,5,11.6,9.4,-0.8,-3.12
1,1,16,1,1,1,28,10,7,1,0,1,0,0,18,7,12,5,12.0,7,9,6,12.666666666666666,11.1,0.6,2.02
1,1,6,1,1,1,2,4,2,1,0,1,0,0,19,5,13,4,12.0,5,8,3,12.0,9.4,-0.8,-3.12
13,1,9,1,1,22,28,10,2,1,0,1,0,0,26,5,5,4,13.0,5,7,2,12.0,9.4,-0.8,-3.12
14,1,10,1,1,22,27,10,10,0,0,1,0,0,36,16,24,13,10.692307692307692,13,19,9,12.307692307692308,15.5,2.8,-4.06
1,2,3,0,1,3,1,4,10,0,0,1,0,0,20,6,10,5,12.0,6,9,4,11.25,9.4,-0.8,-3.12
12,1,4,1,1,22,27,4,9,0,1,1,0,1,30,6,6,0,0.0,6,6,0,0.0,11.1,0.6,2.02
8,4,9,1,1,13,28,10,11,1,0,1,0,0,20,5,10,3,10.333333333333334,5,9,4,11.0,16.2,0.3,-0.92
1,4,12,1,1,1,1,10,2,1,0,1,0,0,19,7,8,5,13.98,7,8,5,13.98,7.6,2.6,0.32
8,1,6,1,1,13,27,3,8,0,0,1,0,0,19,5,8,1,11.0,5,6,5,11.2,7.6,2.6,0.32
12,1,17,0,1,23,14,10,8,0,0,1,0,1,31,5,11,4,11.25,5,10,4,10.833333333333334,13.9,-0.3,0.79
16,1,3,0,12,22,27,10,10,0,1,1,0,0,42,11,14,10,11.9,11,14,10,12.8,11.1,0.6,2.02
8,1,16,1,1,3,3,4,4,1,0,0,0,1,18,7,7,7,12.285714285714286,7,8,6,13.333333333333334,8.9,1.4,3.51
15,1,6,1,14,22,28,6,7,1,0,1,0,0,21,6,16,5,12.666666666666666,6,15,2,13.5,16.2,0.3,-0.92
14,1,12,1,1,13,27,9,9,0,0,1,0,0,20,7,8,6,13.25,8,8,8,13.75,13.9,-0.3,0.79
1,1,10,1,1,23,28,6,8,0,0,1,0,0,19,6,13,3,10.333333333333334,6,12,3,10.333333333333334,7.6,2.6,0.32
8,1,16,1,1,1,14,5,6,1,0,1,0,0,22,6,10,5,13.166666666666666,6,8,5,12.4,15.5,2.8,-4.06
15,1,6,1,14,4,28,5,6,1,0,1,0,0,21,6,11,4,12.75,6,19,1,11.0,12.4,0.5,1.79
12,1,12,1,1,1,14,6,4,0,0,1,0,0,26,7,11,5,11.2,8,13,5,12.14,16.2,0.3,-0.92
8,4,5,1,1,1,3,4,4,0,0,1,0,1,18,6,9,5,11.6,6,8,4,11.2,8.9,1.4,3.51
8,1,11,1,1,22,27,8,8,1,0,1,0,0,20,6,13,3,10.333333333333334,6,12,3,10.333333333333334,10.8,1.4,1.74
1,1,15,1,1,23,27,10,10,1,0,1,0,0,19,6,11,4,12.25,6,11,3,11.0,7.6,2.6,0.32
1,1,11,1,1,13,28,10,10,0,0,1,0,0,19,6,6,6,12.0,6,7,4,12.75,12.4,0.5,1.79
8,1,9,1,1,23,2,10,3,1,0,1,0,0,20,5,8,3,11.333333333333334,5,12,2,10.666666666666666,10.8,1.4,1.74
8,1,11,1,1,13,14,6,6,0,0,1,0,1,20,6,10,4,11.25,6,6,6,10.5,12.4,0.5,1.79
14,1,13,1,1,3,4,4,3,0,0,1,0,0,18,2,2,0,0.0,4,4,1,16.0,10.8,1.4,1.74
14,1,8,1,1,13,28,5,6,1,1,1,0,0,18,5,11,1,12.0,5,9,3,12.0,12.7,3.7,-1.7
1,3,11,1,1,13,28,4,11,1,0,1,0,1,20,6,8,5,12.8,6,9,5,12.8,12.4,0.5,1.79
1,3,9,1,1,13,28,10,8,1,0,1,0,0,19,5,5,5,11.8,5,8,4,11.25,9.4,-0.8,-3.12
8,1,10,1,1,1,1,5,10,0,0,1,0,0,20,6,11,5,10.6,6,11,4,10.4,15.5,2.8,-4.06
1,1,16,1,1,1,28,6,11,1,0,1,0,0,20,6,9,5,14.333333333333334,8,8,8,12.625,15.5,2.8,-4.06
8,1,10,1,1,23,14,29,39,1,0,1,0,1,21,6,8,5,13.2,6,7,5,11.8,8.9,1.4,3.51
15,1,6,1,14,23,28,10,8,0,0,1,0,0,20,6,9,6,12.666666666666666,6,12,2,13.0,13.9,-0.3,0.79
1,1,6,1,1,22,27,10,5,1,1,1,0,0,22,6,9,5,13.333333333333334,6,17,4,11.4,12.4,0.5,1.79
1,1,16,1,1,3,1,3,6,1,0,1,0,0,18,7,10,6,10.666666666666666,7,12,6,12.833333333333334,13.9,-0.3,0.79
8,3,6,1,1,22,28,10,10,1,0,1,0,0,20,5,13,3,11.333333333333334,5,8,5,12.6,9.4,-0.8,-3.12
1,1,5,1,1,1,1,5,5,0,0,0,0,0,18,6,10,5,12.2,6,11,4,10.833333333333334,13.9,-0.3,0.79
12,1,12,1,12,22,28,23,34,0,0,1,0,0,27,7,12,4,14.0,7,14,3,12.525,12.4,0.5,1.79
12,1,1,1,1,3,1,3,5,0,0,1,0,0,26,7,9,7,14.75,7,12,5,13.8,16.2,0.3,-0.92
1,2,5,1,1,4,1,3,4,1,0,1,0,0,18,6,8,4,10.75,6,9,0,0.0,9.4,-0.8,-3.12
12,1,7,1,12,13,14,6,4,1,0,1,1,0,24,5,9,1,12.0,5,6,3,10.5,10.8,1.4,1.74
8,1,9,1,1,22,27,5,8,0,0,1,1,1,19,5,12,3,11.666666666666666,5,10,3,11.666666666666666,12.7,3.7,-1.7
1,1,9,1,1,13,14,6,8,0,0,1,1,0,20,5,8,5,10.0,5,10,2,12.0,7.6,2.6,0.32
8,2,7,1,1,13,1,10,11,1,0,1,1,1,18,5,6,5,13.2,5,8,5,12.6,8.9,1.4,3.51
1,2,9,1,1,13,1,6,11,0,0,1,1,0,20,5,9,4,10.2,5,6,3,11.0,15.5,2.8,-4.06
12,1,7,1,15,1,1,6,11,0,0,1,1,0,25,5,6,5,14.2,5,5,2,13.5,16.2,0.3,-0.92
1,1,14,1,1,23,14,6,7,0,1,1,1,0,22,6,8,6,12.625,6,11,2,14.5,11.1,0.6,2.02
1,1,12,1,1,22,27,10,10,0,0,1,1,0,18,8,11,6,13.496666666666668,8,11,6,13.496666666666668,9.4,-0.8,-3.12
8,1,9,1,1,13,1,8,5,1,0,1,1,0,20,5,8,3,11.0,5,11,3,12.0,10.8,1.4,1.74
15,1,11,1,14,24,29,32,44,1,1,1,1,0,23,6,12,3,11.5,6,12,3,10.666666666666666,8.9,1.4,3.51
1,1,8,1,1,1,1,4,4,1,0,1,1,0,20,5,14,2,11.0,5,9,3,12.666666666666666,9.4,-0.8,-3.12
1,6,9,1,1,3,14,5,6,0,0,1,1,0,20,5,14,3,12.4,5,8,5,10.833333333333334,13.9,-0.3,0.79
12,2,17,0,1,13,27,10,9,1,0,1,0,1,28,5,7,5,10.6,5,6,5,10.2,9.4,-0.8,-3.12
8,1,14,1,1,1,14,9,8,1,0,1,0,0,19,6,6,6,14.833333333333334,6,8,6,13.285714285714286,8.9,1.4,3.51
1,1,12,1,1,3,14,3,9,0,0,1,0,0,19,7,12,4,12.45,7,11,5,11.7,16.2,0.3,-0.92
8,1,14,1,1,1,14,5,9,1,0,1,0,0,20,6,8,5,13.4,6,10,4,13.0,12.7,3.7,-1.7
8,1,4,1,1,22,27,5,7,0,1,1,0,0,20,6,8,6,13.333333333333334,6,8,5,14.0,11.1,0.6,2.02
14,3,12,1,1,23,27,7,6,1,0,1,0,1,18,7,8,5,11.98,7,8,5,11.98,7.6,2.6,0.32
8,3,9,1,1,1,14,6,8,0,0,1,0,0,20,5,11,4,11.0,5,7,5,13.2,12.4,0.5,1.79
15,1,6,1,14,3,1,3,4,1,0,1,0,0,19,6,10,5,12.666666666666666,6,19,4,11.75,12.4,0.5,1.79
1,2,16,1,1,1,28,5,10,1,0,1,0,0,19,6,9,5,12.2,6,10,4,13.0,9.4,-0.8,-3.12
12,1,17,0,1,23,1,10,5,0,0,1,0,0,27,5,9,3,10.666666666666666,5,7,4,11.4,10.8,1.4,1.74
1,6,9,1,1,22,27,10,10,0,0,1,0,0,18,5,9,3,11.666666666666666,5,15,2,11.0,7.6,2.6,0.32
1,1,9,1,1,22,28,5,10,1,0,1,0,0,18,5,8,2,10.5,5,7,3,12.333333333333334,7.6,2.6,0.32
1,3,12,1,1,22,28,8,8,1,0,1,0,0,18,8,8,8,14.26875,8,8,8,14.26875,9.4,-0.8,-3.12
1,1,9,1,1,13,27,10,10,1,0,1,0,1,19,5,8,2,10.5,5,11,3,13.333333333333334,7.6,2.6,0.32
1,1,10,1,1,22,1,4,6,0,0,1,0,0,21,6,11,5,11.2,6,15,1,10.0,7.6,2.6,0.32
17,1,6,1,16,1,1,6,6,1,0,0,0,0,23,12,19,9,13.666666666666666,9,15,6,13.5,8.9,1.4,3.51
1,4,10,1,1,13,28,10,7,1,1,1,0,1,19,6,9,5,11.4,6,9,3,10.0,8.9,1.4,3.51
1,1,10,1,1,22,14,6,11,0,1,1,0,0,18,6,10,5,10.6,6,14,2,10.0,7.6,2.6,0.32
1,1,12,1,1,13,14,32,44,1,0,1,0,0,19,7,12,5,11.8,7,9,6,11.708333333333334,11.1,0.6,2.02
1,1,16,1,1,22,14,8,8,1,0,1,0,0,18,6,9,5,11.833333333333334,6,6,4,12.0,15.5,2.8,-4.06
1,1,11,1,1,13,14,10,4,0,0,1,1,0,21,6,8,6,12.571428571428571,6,10,4,13.0,12.7,3.7,-1.7
1,1,11,1,1,3,1,3,2,0,0,1,1,0,20,6,12,3,10.0,6,9,5,10.8,15.5,2.8,-4.06
15,1,6,1,14,2,2,7,7,0,0,0,1,0,20,6,10,5,13.2,6,21,3,12.0,12.4,0.5,1.79
13,1,17,0,6,22,27,10,10,0,0,1,1,0,37,5,10,5,15.8,5,5,5,17.6,9.4,-0.8,-3.12
14,1,14,1,1,23,1,9,11,1,0,1,1,0,18,6,16,5,13.8,6,7,5,12.4,13.9,-0.3,0.79
1,1,11,1,1,13,1,4,8,0,0,1,1,0,23,6,10,6,13.0,6,9,6,12.0,11.1,0.6,2.02
14,1,14,1,1,3,2,3,3,1,0,1,1,0,18,6,13,4,13.75,6,8,5,11.2,13.9,-0.3,0.79
14,1,15,1,1,3,27,4,8,0,0,1,1,0,32,11,15,7,11.285714285714286,7,10,6,12.333333333333334,13.9,-0.3,0.79
1,1,2,1,1,1,3,4,8,1,1,1,1,0,19,12,13,11,12.0,11,15,10,11.181818181818182,8.9,1.4,3.51
3,1,2,1,1,3,14,2,11,1,0,1,1,0,20,0,0,0,0.0,0,0,0,0.0,16.2,0.3,-0.92
6,1,9,1,1,1,3,30,4,0,1,1,1,0,40,5,10,1,11.0,5,10,1,10.0,11.1,0.6,2.02
1,4,9,1,1,23,28,6,11,0,0,1,1,0,20,5,8,5,10.2,5,7,5,11.2,12.4,0.5,1.79
15,1,8,1,14,1,1,5,5,1,0,1,0,0,20,5,7,4,12.0,5,6,4,12.4,10.8,1.4,1.74
1,3,12,1,1,1,14,5,10,1,0,1,0,0,19,7,9,6,13.411428571428573,8,12,7,13.294444444444444,15.5,2.8,-4.06
1,1,6,1,1,3,1,3,9,1,0,1,0,0,19,6,13,4,11.8,6,18,4,12.2,12.4,0.5,1.79
8,1,16,1,1,3,3,18,24,0,0,1,0,0,20,7,9,6,11.833333333333334,7,7,6,14.333333333333334,11.1,0.6,2.02
1,3,12,1,1,3,3,2,4,1,0,1,0,0,18,8,9,6,13.345,8,9,6,13.345,9.4,-0.8,-3.12
1,1,16,1,1,3,1,4,8,1,0,1,0,0,18,6,7,6,12.166666666666666,6,10,4,12.75,10.8,1.4,1.74
17,1,5,1,16,25,14,4,6,1,0,0,0,1,22,6,8,6,11.0,6,10,4,12.0,8.9,1.4,3.51
8,2,9,1,1,13,1,10,4,1,1,1,0,0,20,5,10,2,11.5,5,8,3,10.0,11.1,0.6,2.02
1,1,8,1,1,3,3,3,11,0,1,0,0,0,23,6,10,6,14.0,6,11,4,13.0,11.1,0.6,2.02
1,5,5,1,1,3,1,10,4,1,0,1,0,0,20,6,6,6,11.166666666666666,6,9,6,11.5,12.4,0.5,1.79
16,1,9,1,1,1,1,5,5,0,0,1,0,0,21,5,9,5,12.8,5,11,3,12.666666666666666,11.1,0.6,2.02
8,1,5,1,1,1,27,5,6,0,0,1,0,0,20,6,6,6,12.5,6,8,6,11.5,10.8,1.4,1.74
8,2,12,1,1,13,27,4,6,1,0,0,0,1,20,7,7,7,13.462857142857144,8,10,7,13.164285714285716,11.1,0.6,2.02
1,1,6,1,1,1,14,5,8,1,0,1,0,0,20,7,9,6,14.714285714285714,7,16,6,13.2,12.4,0.5,1.79
14,1,8,1,1,1,3,10,3,0,1,1,0,0,21,5,9,5,13.2,5,7,2,12.5,10.8,1.4,1.74
1,3,7,1,1,3,1,4,5,1,0,1,1,0,18,5,9,4,12.0,5,10,2,11.0,8.9,1.4,3.51
16,1,13,1,1,1,27,24,44,1,0,1,1,0,23,7,11,5,12.414285714285713,7,13,2,13.5,8.9,1.4,3.51
8,1,9,1,1,3,1,4,5,0,0,0,1,0,22,5,10,4,11.5,5,11,4,14.0,8.9,1.4,3.51
1,1,6,1,1,1,1,3,6,1,0,1,0,0,18,5,9,4,14.25,5,8,5,12.714285714285714,10.8,1.4,1.74
3,2,16,1,1,13,14,5,6,1,0,1,0,0,22,6,10,5,12.6,6,9,4,11.25,12.7,3.7,-1.7
8,4,7,1,1,13,14,6,6,1,1,0,1,0,18,5,12,0,0.0,5,8,0,0.0,9.4,-0.8,-3.12
1,1,13,1,1,1,1,2,2,0,0,1,1,1,21,7,14,5,11.2,8,11,6,11.583333333333334,16.2,0.3,-0.92
1,1,11,1,1,23,14,10,6,1,0,1,0,0,21,6,10,6,10.833333333333334,6,10,4,11.0,7.6,2.6,0.32
8,5,10,1,1,13,1,6,6,1,0,1,0,0,20,6,8,4,11.25,6,15,3,10.0,9.4,-0.8,-3.12
12,1,17,0,1,22,27,10,10,0,0,1,0,0,37,5,14,2,10.0,5,7,3,11.333333333333334,12.7,3.7,-1.7
12,1,3,0,1,22,27,7,9,0,1,1,0,0,37,8,12,7,11.375,7,10,6,12.166666666666666,13.9,-0.3,0.79
12,1,6,1,1,22,14,29,35,1,1,1,0,0,28,6,17,0,0.0,6,6,0,0.0,8.9,1.4,3.51
1,5,9,1,1,22,28,8,8,1,0,1,0,0,18,5,9,1,11.0,5,9,2,12.5,7.6,2.6,0.32
12,1,12,1,1,3,1,3,6,1,0,1,0,0,34,8,11,7,11.705714285714285,8,11,7,11.705714285714285,10.8,1.4,1.74
15,1,17,0,14,22,27,7,7,0,0,1,0,0,31,6,8,6,12.0,7,8,7,13.428571428571429,9.4,-0.8,-3.12
1,1,15,1,1,13,28,5,11,1,0,1,0,0,18,6,7,6,12.666666666666666,6,8,4,12.25,7.6,2.6,0.32
12,1,10,1,12,22,27,10,10,1,0,1,0,0,31,6,11,0,0.0,5,10,0,0.0,9.4,-0.8,-3.12
1,2,7,1,1,23,28,6,6,0,0,1,1,0,18,5,9,2,11.666666666666666,5,9,2,12.5,7.6,2.6,0.32
12,1,7,1,1,1,28,4,6,0,0,1,1,0,24,5,6,3,10.666666666666666,5,9,2,10.5,15.5,2.8,-4.06
8,3,7,1,1,1,14,10,4,1,1,0,1,0,18,5,10,3,12.0,5,8,3,10.333333333333334,8.9,1.4,3.51
12,1,17,0,1,13,14,5,5,0,0,1,1,1,41,5,9,4,11.0,5,6,5,11.4,8.9,1.4,3.51
12,1,17,0,1,23,28,10,4,0,0,1,1,0,34,5,10,4,11.75,5,10,4,10.833333333333334,13.9,-0.3,0.79
1,3,12,1,1,3,1,19,26,1,0,1,0,1,20,7,10,5,14.46,7,8,6,13.55,12.4,0.5,1.79
15,1,6,1,14,13,1,7,5,1,0,1,0,0,22,6,12,5,12.8,6,19,2,11.5,12.4,0.5,1.79
1,1,16,1,1,13,27,6,8,0,0,1,0,1,18,6,11,4,12.0,6,8,4,10.75,15.5,2.8,-4.06
1,3,5,1,1,1,28,10,8,0,0,1,0,1,18,6,6,6,14.333333333333334,6,7,6,14.0,11.1,0.6,2.02
1,1,16,1,1,3,1,3,6,0,0,1,0,0,18,6,9,5,12.333333333333334,6,10,5,10.6,15.5,2.8,-4.06
1,1,16,1,1,13,1,6,11,1,1,1,0,0,18,6,9,5,13.6,6,10,4,11.75,9.4,-0.8,-3.12
1,1,16,1,1,23,27,6,6,0,0,1,0,0,19,6,9,4,12.5,6,9,5,12.5,9.4,-0.8,-3.12
16,1,5,1,1,5,1,3,11,1,0,1,0,0,21,6,7,5,12.2,6,7,4,12.6,8.9,1.4,3.51
8,2,16,1,1,1,1,5,1,1,0,1,0,0,18,7,11,5,11.4,7,9,6,13.333333333333334,13.9,-0.3,0.79
14,1,2,1,1,13,14,6,8,0,0,1,0,0,18,0,0,0,0.0,0,0,0,0.0,15.5,2.8,-4.06
1,2,16,1,1,23,28,8,6,1,0,1,0,0,18,6,10,3,12.0,6,8,4,10.25,10.8,1.4,1.74
14,1,9,1,1,3,14,10,10,0,0,1,0,0,21,10,18,6,11.166666666666666,10,16,7,10.571428571428571,7.6,2.6,0.32
1,2,12,1,1,23,14,10,8,1,0,1,0,1,20,7,10,5,12.62,7,8,6,12.5,11.1,0.6,2.02
12,1,17,0,1,23,28,4,4,0,0,1,0,0,25,5,11,3,10.666666666666666,5,11,3,11.333333333333334,15.5,2.8,-4.06
12,2,13,1,1,22,27,10,10,1,0,1,0,0,25,7,11,7,11.857142857142858,8,21,5,11.7,12.4,0.5,1.79
12,1,10,1,1,23,14,10,10,1,0,1,0,0,24,6,9,4,15.75,6,10,5,16.4,9.4,-0.8,-3.12
1,1,9,1,1,22,27,32,36,1,0,1,0,0,19,5,9,4,11.0,5,8,3,10.666666666666666,12.4,0.5,1.79
8,6,9,1,1,13,28,8,10,0,0,1,0,1,19,5,5,5,12.4,5,8,3,11.0,12.7,3.7,-1.7
7,2,9,1,1,22,27,10,10,1,0,1,0,1,20,5,8,3,12.0,5,9,4,12.625,10.8,1.4,1.74
1,1,2,1,1,13,28,5,6,1,0,1,0,0,18,0,0,0,0.0,0,0,0,0.0,7.6,2.6,0.32
9,2,16,1,1,1,1,10,1,0,0,1,0,0,18,7,12,6,12.0,7,11,6,12.166666666666666,13.9,-0.3,0.79
8,3,9,1,1,1,14,4,6,1,0,1,0,0,19,5,7,3,10.333333333333334,5,11,3,14.428571428571429,10.8,1.4,1.74
1,1,12,1,1,23,1,10,5,1,0,1,0,0,19,7,10,5,12.94,7,7,5,13.76,16.2,0.3,-0.92
1,1,9,1,1,1,2,11,11,1,0,1,0,0,19,5,9,4,12.25,5,10,4,12.0,8.9,1.4,3.51
4,1,12,1,15,22,27,4,4,1,0,1,0,0,32,7,16,4,13.625,7,8,7,12.6375,12.4,0.5,1.79
12,1,17,0,1,1,1,5,11,0,0,1,1,0,24,5,5,4,12.0,5,6,5,12.666666666666666,12.4,0.5,1.79
1,2,12,1,1,13,28,30,43,1,0,1,0,0,19,7,10,6,13.598333333333334,8,11,6,11.933333333333332,11.1,0.6,2.02
4,1,12,1,3,22,14,10,8,1,0,1,0,0,45,11,11,11,12.7,10,12,10,12.96818181818182,13.9,-0.3,0.79
8,1,16,1,1,13,14,5,8,1,0,1,0,0,18,7,9,6,11.5,7,8,7,12.714285714285714,13.9,-0.3,0.79
12,1,4,1,12,13,27,10,11,0,1,1,0,0,37,6,10,6,12.875,6,12,6,12.9,16.2,0.3,-0.92
8,1,10,1,1,1,1,10,10,0,0,1,0,1,20,6,11,4,10.75,6,13,5,11.5,15.5,2.8,-4.06
1,4,12,1,1,13,14,8,10,1,0,1,0,1,18,7,9,6,13.533333333333331,7,7,7,12.228571428571428,12.4,0.5,1.79
17,1,6,1,16,1,1,5,4,1,1,1,0,0,21,9,10,8,13.25,9,14,5,12.2,8.9,1.4,3.51
12,1,7,1,12,1,14,5,6,0,0,1,1,0,25,5,13,1,11.0,5,11,1,10.0,13.9,-0.3,0.79
17,1,14,1,16,13,27,4,7,1,1,1,0,0,21,6,12,1,12.0,6,11,1,11.0,8.9,1.4,3.51
14,1,6,1,1,13,14,6,2,1,0,1,0,0,19,5,5,0,0.0,5,7,4,14.75,12.7,3.7,-1.7
17,1,17,0,1,23,28,29,44,0,1,1,0,0,23,11,18,8,12.375,9,15,5,12.6,8.9,1.4,3.51
8,1,15,1,1,22,14,10,11,0,0,1,0,0,18,6,8,5,12.6,6,10,6,12.428571428571429,15.5,2.8,-4.06
12,1,3,0,1,1,10,5,6,0,0,1,1,1,24,6,6,4,12.25,6,10,4,11.5,12.4,0.5,1.79
1,2,5,1,1,1,1,5,10,1,0,1,1,1,20,6,9,6,11.375,6,6,5,13.8,7.6,2.6,0.32
8,2,7,1,1,1,14,10,9,0,0,1,1,1,18,5,8,4,13.5,6,10,6,13.625,11.1,0.6,2.02
9,1,11,1,1,23,28,6,6,1,0,1,1,0,26,6,10,4,10.0,6,11,3,12.0,9.4,-0.8,-3.12
1,1,14,1,1,13,1,6,8,1,0,1,0,0,18,6,7,6,12.333333333333334,6,10,3,12.0,13.9,-0.3,0.79
8,2,6,1,1,1,14,5,10,1,0,1,0,0,19,5,13,3,12.0,5,8,4,11.75,9.4,-0.8,-3.12
1,2,16,1,1,13,1,32,16,1,0,1,0,0,20,7,8,6,13.5,7,8,6,14.0,11.1,0.6,2.02
8,3,9,1,1,3,28,3,11,1,0,1,0,0,18,5,16,4,10.666666666666666,5,11,2,12.0,13.9,-0.3,0.79
1,1,6,1,1,1,27,5,10,1,0,1,0,0,21,6,12,4,12.5,6,13,2,12.666666666666666,11.1,0.6,2.02
1,1,6,1,1,4,1,3,10,0,0,1,0,0,18,6,14,4,11.5,6,17,3,13.75,11.1,0.6,2.02
1,1,10,1,1,13,27,8,8,1,0,1,0,0,20,6,13,3,11.2,6,9,4,12.0,16.2,0.3,-0.92
8,2,16,1,1,1,14,3,11,1,0,1,0,0,19,6,9,5,13.0,6,8,5,10.4,7.6,2.6,0.32
12,1,12,1,1,1,28,4,8,0,0,1,0,1,27,7,8,6,12.6,7,9,6,11.685714285714283,12.4,0.5,1.79
8,1,9,1,1,22,27,10,7,1,1,0,0,1,19,5,5,5,12.8,5,5,4,12.0,11.1,0.6,2.02
1,3,12,1,1,1,1,8,8,1,0,1,0,1,19,7,10,5,13.04,7,7,7,12.5,12.4,0.5,1.79
17,1,6,1,16,13,28,9,10,1,1,0,0,0,23,11,18,11,13.166666666666666,9,15,8,13.333333333333334,8.9,1.4,3.51
1,1,10,1,1,1,28,6,9,0,0,1,0,1,20,6,11,5,10.6,6,9,5,11.166666666666666,11.1,0.6,2.02
1,1,6,1,1,1,10,5,6,0,0,1,0,0,20,6,10,6,13.428571428571429,6,11,5,12.666666666666666,13.9,-0.3,0.79
8,1,9,1,1,1,1,10,4,1,0,1,1,0,18,5,6,5,12.0,5,7,4,12.5,15.5,2.8,-4.06
1,2,6,1,1,1,14,4,4,1,0,1,1,0,21,5,7,4,11.5,5,15,3,10.6,10.8,1.4,1.74
1,1,8,1,1,1,1,4,10,1,0,1,0,0,20,6,11,6,13.333333333333334,6,10,6,13.0,16.2,0.3,-0.92
1,2,2,1,1,1,3,4,4,1,0,1,0,0,18,0,0,0,0.0,0,0,0,0.0,12.4,0.5,1.79
1,2,15,1,1,23,1,10,10,1,0,1,0,0,19,6,6,5,12.2,6,7,5,10.8,10.8,1.4,1.74
1,2,15,1,1,22,27,10,10,1,0,1,0,1,19,6,11,4,11.0,6,11,3,11.666666666666666,9.4,-0.8,-3.12
1,3,9,1,1,1,28,6,8,1,0,1,0,1,19,5,5,5,11.6,5,11,3,12.666666666666666,9.4,-0.8,-3.12
1,2,8,1,1,13,27,10,10,1,0,1,0,0,18,5,10,4,13.5,5,5,5,13.4,12.7,3.7,-1.7
1,1,11,1,1,2,27,2,2,1,0,1,0,0,19,6,9,5,13.4,6,16,2,13.5,10.8,1.4,1.74
8,1,10,1,1,22,27,10,10,1,0,1,0,1,21,6,8,3,10.2,6,13,4,12.25,12.7,3.7,-1.7
1,3,11,1,1,22,28,8,8,1,0,1,0,1,18,6,9,6,10.833333333333334,6,8,5,11.0,7.6,2.6,0.32
1,2,12,1,1,1,28,10,10,1,0,1,0,1,18,7,9,6,12.816666666666668,8,11,6,12.875,11.1,0.6,2.02
6,1,7,1,1,1,3,21,31,0,1,1,0,0,19,6,11,2,13.5,5,11,2,11.0,8.9,1.4,3.51
1,1,7,1,1,3,1,3,4,0,0,1,1,0,20,5,9,4,11.6,5,7,4,12.25,7.6,2.6,0.32
1,1,9,1,1,1,14,5,6,0,0,1,1,0,20,5,9,5,12.0,5,9,4,13.0,8.9,1.4,3.51
1,6,12,1,1,1,1,4,8,1,0,1,1,0,18,7,8,6,13.976666666666668,8,12,6,12.041666666666666,11.1,0.6,2.02
1,1,14,1,1,2,28,21,35,1,0,1,1,0,19,6,10,4,12.5,6,12,1,10.0,16.2,0.3,-0.92
1,3,14,1,1,3,14,3,9,1,0,1,1,0,19,5,7,3,11.666666666666666,5,5,4,12.0,9.4,-0.8,-3.12
8,2,11,1,1,13,14,5,4,1,0,1,1,0,20,6,8,6,11.833333333333334,6,9,5,10.4,7.6,2.6,0.32
8,5,7,1,1,22,28,5,5,1,0,1,1,0,21,5,10,4,13.2,5,7,4,14.25,7.6,2.6,0.32
8,1,9,1,1,3,28,4,8,1,0,1,1,0,18,5,13,5,12.0,5,9,4,11.4,13.9,-0.3,0.79
15,1,4,1,14,3,3,8,2,1,0,1,1,0,20,6,12,4,11.6,6,11,5,11.5,15.5,2.8,-4.06
8,1,7,1,1,1,3,10,11,1,0,1,1,0,20,5,7,4,12.0,5,8,2,12.5,10.8,1.4,1.74
8,1,14,1,1,1,27,5,10,1,0,1,0,1,25,6,8,6,11.285714285714286,6,10,5,12.2,15.5,2.8,-4.06
12,1,4,1,1,22,27,10,9,0,0,1,1,0,28,6,12,5,12.0,6,10,6,12.333333333333334,11.1,0.6,2.02
12,1,12,1,1,22,27,29,42,0,0,1,0,0,35,7,11,5,13.34,7,9,5,10.84,12.4,0.5,1.79
12,1,12,1,15,22,27,10,8,0,0,1,0,0,27,8,12,7,12.457142857142856,8,12,7,12.457142857142856,12.7,3.7,-1.7
12,1,17,0,1,22,14,10,10,0,0,1,0,1,31,5,13,4,10.5,5,10,4,10.5,15.5,2.8,-4.06
12,1,17,0,1,22,14,10,11,0,0,1,1,0,47,5,8,4,10.0,5,8,4,12.5,9.4,-0.8,-3.12
1,1,2,1,1,22,14,10,9,0,0,1,1,1,20,0,0,0,0.0,0,0,0,0.0,13.9,-0.3,0.79
1,1,2,1,1,3,2,3,3,1,0,1,1,0,18,0,0,0,0.0,0,0,0,0.0,7.6,2.6,0.32
12,1,4,1,1,13,14,10,5,0,0,1,0,0,39,6,15,2,13.0,6,13,3,13.0,15.5,2.8,-4.06
4,1,7,1,4,4,3,3,8,0,1,1,1,0,30,5,6,4,14.5,5,10,3,16.2,13.9,-0.3,0.79
15,1,17,0,14,22,27,10,10,0,0,1,0,0,41,6,10,4,12.25,7,9,6,12.5,9.4,-0.8,-3.12
9,1,15,1,1,13,27,10,6,0,0,0,0,0,18,6,7,5,12.6,6,6,5,11.8,11.1,0.6,2.02
8,1,9,1,1,1,28,7,7,1,1,1,1,0,18,5,9,0,0.0,5,5,0,0.0,7.6,2.6,0.32
6,1,1,1,1,2,3,3,5,0,0,1,1,0,20,7,10,7,12.857142857142858,7,7,4,12.75,8.9,1.4,3.51
8,1,8,1,1,23,14,6,8,1,0,1,0,0,21,6,12,5,13.6,6,10,4,14.25,12.4,0.5,1.79
15,1,8,1,14,13,14,6,6,1,1,0,0,0,20,6,11,3,12.0,6,11,2,11.0,12.4,0.5,1.79
8,4,6,1,1,22,1,4,10,0,0,1,0,0,20,6,9,6,13.166666666666666,6,8,4,14.0,13.9,-0.3,0.79
6,1,13,1,1,13,1,10,5,0,1,1,0,0,19,7,11,0,0.0,7,11,2,11.666666666666666,8.9,1.4,3.51
1,1,3,0,1,22,27,10,10,1,0,1,0,0,45,12,14,12,14.0,7,12,7,13.857142857142858,7.6,2.6,0.32
12,1,17,0,1,13,27,6,6,0,0,1,0,0,28,5,9,4,11.25,5,7,4,13.0,7.6,2.6,0.32
7,1,2,1,1,23,27,10,10,1,0,1,1,1,18,0,0,0,0.0,0,0,0,0.0,10.8,1.4,1.74
7,2,5,1,1,1,3,5,3,1,0,1,0,0,18,6,11,1,11.0,6,11,4,11.0,7.6,2.6,0.32
1,1,9,1,1,23,27,8,8,1,0,1,0,0,18,5,8,4,12.0,5,8,4,12.25,9.4,-0.8,-3.12
8,2,7,1,1,1,2,4,4,1,0,1,1,0,21,5,10,5,11.166666666666666,5,10,3,10.8,12.4,0.5,1.79
1,4,9,1,1,13,28,6,6,1,0,1,1,0,18,5,6,4,11.5,5,12,2,10.333333333333334,10.8,1.4,1.74
8,1,9,1,1,1,28,10,10,1,0,1,1,0,19,5,10,2,10.5,5,5,4,11.75,12.4,0.5,1.79
1,1,14,1,1,1,27,5,10,0,0,1,1,0,19,5,8,4,12.5,5,6,4,11.0,7.6,2.6,0.32
1,2,12,1,1,22,27,10,10,1,0,1,1,0,22,7,9,6,12.833333333333334,8,12,6,12.5,16.2,0.3,-0.92
8,6,14,1,1,1,14,5,11,0,0,1,1,0,21,6,10,6,12.285714285714286,6,11,4,14.25,15.5,2.8,-4.06
1,2,11,1,1,1,14,5,2,1,0,1,1,0,18,6,12,5,11.0,6,11,3,10.333333333333334,9.4,-0.8,-3.12
17,1,4,1,16,23,28,10,10,1,1,1,1,0,20,12,16,11,12.545454545454543,10,12,8,11.625,8.9,1.4,3.51
8,1,15,1,1,23,14,10,11,1,0,1,1,0,18,6,6,6,12.666666666666666,6,7,5,13.6,12.4,0.5,1.79
7,5,6,1,1,13,27,9,9,1,0,1,1,0,18,5,11,5,13.0,5,7,5,12.4,9.4,-0.8,-3.12
14,1,3,0,1,23,3,18,20,0,0,1,1,0,54,13,14,13,13.307692307692308,11,12,11,12.818181818181818,12.7,3.7,-1.7
1,1,12,1,1,3,1,10,10,0,0,1,0,0,19,8,8,7,14.514285714285714,8,8,7,14.514285714285714,12.7,3.7,-1.7
4,1,17,0,15,28,3,4,4,0,0,1,0,0,27,5,5,5,15.2,5,6,5,14.0,11.1,0.6,2.02
1,2,6,1,1,22,14,10,9,0,0,1,0,0,20,5,7,4,11.75,5,9,2,10.5,7.6,2.6,0.32
1,1,2,1,1,3,3,2,3,1,0,1,0,0,20,0,0,0,0.0,0,0,0,0.0,13.9,-0.3,0.79
1,1,15,1,1,1,1,5,5,1,0,1,0,0,19,6,7,6,14.0,6,7,5,15.0,11.1,0.6,2.02
12,1,17,0,1,1,1,5,3,0,0,1,0,0,25,5,12,4,12.5,5,10,4,11.0,13.9,-0.3,0.79
1,1,7,1,1,23,28,10,8,1,0,1,1,0,19,5,10,3,10.666666666666666,5,9,2,14.0,7.6,2.6,0.32
1,1,15,1,1,1,14,5,5,0,0,1,1,0,19,6,11,4,12.25,6,10,3,12.666666666666666,7.6,2.6,0.32
1,1,2,1,1,13,1,10,10,1,0,1,1,0,20,0,0,0,0.0,0,0,0,0.0,10.8,1.4,1.74
1,1,9,1,1,3,14,4,11,0,0,1,1,0,19,5,7,5,11.8,5,8,4,12.4,16.2,0.3,-0.92
1,1,7,1,1,3,1,5,2,0,0,1,1,0,18,5,10,2,14.0,5,7,3,11.0,7.6,2.6,0.32
1,4,9,1,1,1,28,9,10,1,0,1,1,0,19,5,5,4,10.75,5,6,4,12.25,12.4,0.5,1.79
15,1,17,0,14,22,27,10,10,0,0,1,0,0,31,6,12,4,12.25,7,9,7,12.0,9.4,-0.8,-3.12
15,1,6,1,14,1,3,10,5,0,1,0,0,0,24,6,11,4,12.5,6,18,2,11.5,12.4,0.5,1.79
12,1,12,1,1,22,28,5,5,0,0,1,1,1,33,8,16,1,10.0,8,16,1,10.0,12.7,3.7,-1.7
15,1,8,1,14,23,27,5,10,1,0,1,0,1,20,6,11,4,12.0,6,9,4,10.75,16.2,0.3,-0.92
12,1,3,0,1,22,3,10,11,0,0,1,1,0,44,11,21,9,12.333333333333334,11,16,9,11.0,12.4,0.5,1.79
1,5,12,1,1,1,3,10,11,1,0,1,1,0,18,7,10,6,12.035714285714286,8,9,7,13.75,13.9,-0.3,0.79
8,4,11,1,1,1,1,5,3,1,0,1,1,0,19,6,7,5,12.2,6,12,2,12.0,7.6,2.6,0.32
15,1,4,1,1,3,2,3,7,1,0,1,1,0,21,9,14,7,11.285714285714286,8,15,4,12.25,12.7,3.7,-1.7
8,2,5,1,1,24,29,4,4,1,0,1,1,0,20,6,7,5,11.8,6,9,4,12.0,15.5,2.8,-4.06
15,1,7,1,14,13,3,6,3,0,0,1,1,0,20,5,16,0,0.0,5,12,2,10.5,12.7,3.7,-1.7
1,1,7,1,1,1,1,4,4,0,0,0,1,1,18,5,5,5,14.2,5,5,5,14.2,8.9,1.4,3.51
8,1,2,1,1,4,4,4,4,0,1,1,1,0,19,12,12,10,12.7,11,16,10,12.272727272727272,8.9,1.4,3.51
15,1,11,1,14,13,2,10,4,0,0,0,1,0,26,8,14,8,15.125,6,12,6,13.666666666666666,11.1,0.6,2.02
16,1,9,1,1,3,3,3,3,0,1,1,1,0,32,7,16,3,12.0,8,10,3,10.333333333333334,8.9,1.4,3.51
7,3,16,1,1,22,14,10,6,1,0,1,0,1,23,6,10,4,14.25,6,8,5,12.0,7.6,2.6,0.32
12,1,9,1,1,23,28,10,9,0,0,1,0,0,24,5,12,2,10.5,5,9,4,10.0,16.2,0.3,-0.92
13,1,4,1,1,13,14,5,5,1,0,1,1,0,25,6,14,5,11.666666666666666,6,11,4,12.0,15.5,2.8,-4.06
8,6,11,1,1,1,14,5,6,1,0,1,1,0,19,6,13,5,10.8,6,12,3,10.0,9.4,-0.8,-3.12
1,1,14,1,1,1,27,10,11,0,0,1,1,0,21,6,6,5,12.8,6,9,5,12.25,10.8,1.4,1.74
8,3,9,1,1,3,28,15,36,1,1,1,1,0,19,5,10,4,11.0,5,13,2,12.0,8.9,1.4,3.51
14,1,9,1,1,22,28,8,8,0,0,1,1,0,25,5,12,3,11.0,5,12,4,11.5,9.4,-0.8,-3.12
14,1,12,1,1,13,27,27,42,1,0,1,0,0,21,7,12,4,13.125,7,8,6,12.333333333333334,13.9,-0.3,0.79
1,3,7,1,1,1,1,4,6,0,0,1,1,1,19,5,10,5,11.8,5,12,3,11.5,11.1,0.6,2.02
1,5,7,1,1,1,14,5,8,0,0,0,1,1,18,5,6,5,12.2,5,8,4,12.0,8.9,1.4,3.51
12,1,4,1,12,13,27,2,2,0,1,1,1,0,24,6,10,6,14.88888888888889,6,11,6,13.727272727272728,16.2,0.3,-0.92
14,1,6,1,1,13,28,5,10,1,0,0,0,0,19,6,12,5,13.0,6,12,3,11.666666666666666,13.9,-0.3,0.79
1,3,12,1,1,3,1,5,4,1,0,1,0,1,19,7,11,4,12.65,7,9,5,11.1,12.4,0.5,1.79
8,1,9,1,1,1,28,5,6,1,0,1,0,0,19,5,10,1,11.0,5,13,0,0.0,12.7,3.7,-1.7
8,1,6,1,1,1,28,5,10,1,0,1,0,0,21,5,13,3,11.333333333333334,5,12,2,10.5,9.4,-0.8,-3.12
1,1,9,1,1,23,27,6,7,0,0,1,0,1,18,5,11,4,11.571428571428571,5,9,5,12.0,13.9,-0.3,0.79
12,1,12,1,1,22,27,10,10,1,0,1,0,0,39,7,8,5,12.16,7,8,5,12.16,7.6,2.6,0.32
1,2,9,1,1,3,1,4,4,1,1,1,1,0,20,5,6,5,13.2,5,10,5,11.4,16.2,0.3,-0.92
14,3,11,1,1,3,3,3,3,0,0,1,1,0,19,6,14,3,12.5,6,9,4,11.0,12.7,3.7,-1.7
13,1,17,0,1,3,2,3,3,0,0,1,1,0,27,2,2,2,12.5,5,6,2,12.5,12.7,3.7,-1.7
12,1,7,1,1,1,1,5,5,0,0,1,1,0,34,5,7,0,0.0,5,8,1,11.0,10.8,1.4,1.74
15,1,7,1,14,22,27,10,10,0,1,1,1,0,41,7,15,5,14.333333333333334,6,16,6,14.636363636363637,12.4,0.5,1.79
12,1,12,1,1,22,27,29,37,0,0,1,0,0,48,7,11,4,11.75,7,14,3,11.725,11.1,0.6,2.02
1,1,2,1,1,2,3,5,9,1,0,1,0,0,18,0,0,0,0.0,0,0,0,0.0,12.4,0.5,1.79
1,1,5,1,1,13,14,8,10,1,0,1,0,0,19,6,10,2,10.5,6,6,3,11.0,7.6,2.6,0.32
1,1,6,1,1,13,27,9,9,0,0,1,0,0,21,6,13,4,12.0,6,17,2,11.5,11.1,0.6,2.02
8,1,16,1,1,2,14,4,10,1,0,1,0,0,19,6,8,5,12.333333333333334,6,8,5,11.0,15.5,2.8,-4.06
14,1,14,1,1,13,14,2,2,0,1,1,0,0,20,6,12,5,12.2,6,8,5,14.6,13.9,-0.3,0.79
15,1,6,1,14,1,1,4,8,1,0,1,0,0,20,6,11,5,14.2,6,12,2,13.5,13.9,-0.3,0.79
1,1,16,1,1,13,1,10,2,0,0,1,0,0,18,6,8,5,12.8,6,14,3,10.0,9.4,-0.8,-3.12
1,1,5,1,1,23,28,10,6,0,0,0,0,1,18,6,7,5,11.8,6,7,5,13.0,8.9,1.4,3.51
1,4,12,1,1,3,14,3,4,1,0,1,0,0,17,8,14,5,12.46,8,14,5,12.46,10.8,1.4,1.74
1,4,10,1,1,13,1,5,6,1,0,1,0,0,18,6,9,5,11.833333333333334,6,8,2,11.5,13.9,-0.3,0.79
17,1,6,1,16,13,1,10,10,1,1,0,0,0,24,9,9,8,13.125,9,13,6,13.0,8.9,1.4,3.51
9,1,12,1,1,13,1,10,5,0,0,1,0,1,20,8,8,0,0.0,8,8,0,0.0,9.4,-0.8,-3.12
1,3,6,1,1,3,2,5,4,1,0,1,0,0,18,5,14,3,12.333333333333334,5,8,5,11.6,9.4,-0.8,-3.12
8,1,16,1,1,1,1,4,5,0,1,1,0,0,18,6,8,4,13.25,6,10,3,10.666666666666666,12.7,3.7,-1.7
16,1,10,1,1,13,3,6,3,0,1,1,0,0,20,11,18,8,12.625,10,10,3,11.0,11.1,0.6,2.02
1,4,12,1,1,13,14,4,4,1,0,1,0,0,19,7,12,4,12.85,7,7,7,12.62142857142857,11.1,0.6,2.02
15,1,6,1,1,1,2,4,4,0,0,1,0,0,20,6,7,6,14.285714285714286,6,9,3,13.0,13.9,-0.3,0.79
12,1,17,0,1,22,27,10,11,0,0,1,0,0,34,5,5,0,0.0,5,5,0,0.0,9.4,-0.8,-3.12
1,5,14,1,1,4,1,5,11,1,0,1,0,0,18,6,10,4,11.25,6,11,5,12.2,8.9,1.4,3.51
12,1,3,0,1,1,1,5,8,0,1,1,0,0,25,6,6,6,11.333333333333334,6,6,4,11.75,8.9,1.4,3.51
1,1,11,1,1,13,14,6,6,1,0,1,0,0,21,6,8,5,11.6,6,6,5,13.0,12.4,0.5,1.79
12,1,17,0,1,22,27,10,11,0,0,1,0,0,34,5,12,2,11.5,5,9,4,11.75,9.4,-0.8,-3.12
1,2,2,1,1,3,29,2,4,1,0,1,1,0,17,0,0,0,0.0,0,0,0,0.0,15.5,2.8,-4.06
13,1,12,1,1,3,14,3,9,0,0,1,1,0,22,6,7,3,14.5,7,8,4,14.375,15.5,2.8,-4.06
1,6,12,1,1,1,28,4,10,1,0,1,0,0,19,7,10,5,13.44,7,8,6,13.066666666666668,12.4,0.5,1.79
15,1,6,1,14,22,27,10,10,0,0,1,0,0,20,6,8,6,13.0,6,18,2,12.0,12.4,0.5,1.79
9,4,16,1,1,13,28,5,11,1,0,1,0,0,19,6,8,5,12.666666666666666,6,8,5,11.0,15.5,2.8,-4.06
1,3,6,1,1,13,14,5,8,1,0,1,0,0,21,5,13,5,12.2,5,10,3,11.333333333333334,9.4,-0.8,-3.12
8,1,15,1,1,23,28,10,6,0,0,1,0,0,21,6,8,5,11.8,6,8,5,11.833333333333334,15.5,2.8,-4.06
14,1,12,1,1,13,14,5,8,0,0,1,0,1,18,7,11,5,12.16,7,7,2,13.4,16.2,0.3,-0.92
7,1,5,1,1,1,1,4,4,1,0,1,0,0,18,6,6,1,15.0,6,7,4,12.5,9.4,-0.8,-3.12
8,1,6,1,1,2,14,3,10,1,0,1,0,0,18,5,12,2,11.5,5,12,3,11.8,10.8,1.4,1.74
15,3,6,1,14,1,14,5,2,1,0,1,0,0,19,5,10,1,13.0,5,8,3,15.333333333333334,12.7,3.7,-1.7
8,1,2,1,1,1,1,7,8,1,0,1,0,0,18,0,0,0,0.0,0,0,0,0.0,12.4,0.5,1.79
1,1,6,1,1,13,27,4,8,0,0,1,0,0,18,6,13,6,12.0,6,16,4,12.75,11.1,0.6,2.02
8,5,12,1,1,1,1,6,5,1,0,1,0,0,18,7,9,7,12.385714285714286,8,9,7,12.728571428571428,13.9,-0.3,0.79
8,1,8,1,1,3,3,3,3,1,1,0,0,0,18,6,9,5,12.4,6,12,5,14.166666666666666,8.9,1.4,3.51
15,1,6,1,14,3,1,3,10,1,0,1,0,0,21,6,13,3,11.75,6,13,5,12.333333333333334,12.4,0.5,1.79
8,2,2,1,1,1,1,5,2,1,0,1,0,0,18,0,0,0,0.0,0,0,0,0.0,9.4,-0.8,-3.12
8,2,10,1,1,2,1,4,5,1,0,1,0,0,19,6,14,1,11.5,6,12,2,10.5,7.6,2.6,0.32
1,1,5,1,1,13,27,5,5,0,0,1,0,1,18,6,8,6,12.0,6,12,5,11.142857142857142,13.9,-0.3,0.79
8,1,2,1,1,22,27,10,7,1,0,1,1,1,18,0,0,0,0.0,0,0,0,0.0,7.6,2.6,0.32
8,1,7,1,1,13,28,10,8,0,0,1,1,0,18,5,10,3,11.0,5,6,3,11.0,16.2,0.3,-0.92
1,2,15,1,1,23,14,5,8,1,0,1,1,1,19,6,8,4,12.0,6,8,6,12.285714285714286,15.5,2.8,-4.06
8,2,9,1,1,1,28,6,8,1,0,1,1,0,20,5,8,2,10.5,5,11,4,12.25,10.8,1.4,1.74
14,1,5,1,1,1,1,5,8,1,0,1,1,0,19,6,7,3,11.666666666666666,6,13,4,10.333333333333334,13.9,-0.3,0.79
15,1,7,1,14,1,1,10,9,0,0,1,1,1,20,7,12,6,14.142857142857142,6,10,6,14.125,12.4,0.5,1.79
14,1,9,1,1,22,14,10,9,0,0,1,1,0,22,5,5,0,0.0,5,9,3,13.333333333333334,16.2,0.3,-0.92
8,2,9,1,1,23,28,5,8,1,0,1,1,1,22,5,7,3,12.333333333333334,5,9,3,10.571428571428571,10.8,1.4,1.74
1,1,7,1,1,23,14,6,6,0,0,1,1,0,19,5,7,5,10.2,5,8,3,12.0,10.8,1.4,1.74
1,2,15,1,1,3,1,3,5,0,0,1,1,0,19,6,9,5,12.6,10,16,8,11.0,8.9,1.4,3.51
14,1,7,1,1,3,1,3,4,0,0,1,1,0,18,5,9,4,12.25,5,11,3,11.666666666666666,13.9,-0.3,0.79
8,2,11,1,1,13,14,6,8,0,0,1,1,1,18,6,12,3,10.666666666666666,6,9,4,12.0,15.5,2.8,-4.06
1,1,11,1,1,23,14,10,5,0,0,1,1,0,19,6,10,4,12.75,6,12,2,13.0,10.8,1.4,1.74
12,1,8,1,1,13,1,29,29,0,0,1,1,0,24,6,11,6,11.333333333333334,6,12,3,11.333333333333334,16.2,0.3,-0.92
12,1,6,1,9,23,14,10,9,1,1,0,1,0,25,6,6,0,0.0,6,6,0,0.0,8.9,1.4,3.51
12,1,17,0,1,22,27,10,10,0,0,1,1,0,37,5,7,4,10.75,5,7,3,11.333333333333334,7.6,2.6,0.32
14,1,7,1,1,1,28,5,8,0,0,1,1,0,19,5,8,5,12.0,5,12,2,10.5,13.9,-0.3,0.79
8,1,12,1,1,1,1,5,6,0,0,1,1,1,19,7,11,6,12.528571428571428,7,10,6,12.416666666666666,15.5,2.8,-4.06
14,2,12,1,1,13,1,10,11,0,0,1,1,1,21,8,8,0,0.0,8,8,0,0.0,9.4,-0.8,-3.12
15,1,4,1,14,5,3,3,3,0,0,1,1,0,20,7,13,3,10.666666666666666,6,14,2,11.5,15.5,2.8,-4.06
1,2,14,1,1,1,14,5,5,0,0,1,1,1,19,6,10,6,13.125,6,9,6,12.714285714285714,11.1,0.6,2.02
1,1,16,1,1,22,27,10,5,1,0,1,1,0,42,6,9,5,12.4,6,10,5,11.8,7.6,2.6,0.32
9,1,6,1,1,1,14,4,6,0,0,0,1,0,21,6,10,5,14.0,6,11,4,14.8,11.1,0.6,2.02
1,1,5,1,1,1,1,5,10,1,0,1,1,0,19,6,7,5,11.4,6,10,3,11.0,7.6,2.6,0.32
15,1,4,1,14,1,28,10,7,0,0,1,1,0,21,6,13,4,11.75,6,15,4,10.5,15.5,2.8,-4.06
1,1,5,1,1,13,28,5,5,0,0,1,1,0,20,6,8,6,13.428571428571429,6,12,4,11.5,13.9,-0.3,0.79
13,1,7,1,1,1,27,6,6,0,0,1,1,0,19,5,6,4,11.8,5,7,2,11.5,15.5,2.8,-4.06
15,1,7,1,14,5,31,4,3,0,0,1,1,0,23,7,12,3,14.0,6,12,1,14.0,12.4,0.5,1.79
8,1,5,1,1,13,14,8,8,0,0,1,1,0,18,6,7,6,12.333333333333334,6,10,5,10.8,16.2,0.3,-0.92
1,1,9,1,1,22,27,10,10,0,1,1,1,1,22,5,8,5,10.666666666666666,5,11,2,11.0,15.5,2.8,-4.06
9,5,7,1,1,3,2,3,4,1,0,1,1,0,19,5,9,5,11.833333333333334,5,9,5,14.714285714285714,12.4,0.5,1.79
1,3,5,1,1,22,27,10,10,1,0,1,1,1,22,6,6,6,11.666666666666666,6,6,6,12.166666666666666,7.6,2.6,0.32
14,1,5,1,1,1,2,5,3,0,0,1,1,0,38,6,9,5,16.0,6,11,4,16.5,13.9,-0.3,0.79
12,1,12,1,1,1,27,10,10,1,0,1,1,0,27,7,7,7,14.085714285714284,7,7,7,14.085714285714284,7.6,2.6,0.32
16,1,7,1,1,2,27,3,10,1,0,1,1,0,19,5,10,0,0.0,5,7,1,10.0,7.6,2.6,0.32
8,1,7,1,1,13,14,10,10,0,0,1,1,0,20,5,6,5,15.8,5,8,5,13.714285714285714,11.1,0.6,2.02
8,4,7,1,1,22,14,10,5,1,0,1,1,0,18,5,8,4,12.5,5,7,3,14.666666666666666,7.6,2.6,0.32
14,1,14,1,1,3,14,5,9,0,0,1,1,0,19,6,17,4,12.5,6,8,4,13.25,13.9,-0.3,0.79
12,1,7,1,1,13,14,10,8,0,1,1,1,0,24,5,12,1,10.0,5,11,1,11.0,8.9,1.4,3.51
15,1,7,1,14,1,14,5,6,1,0,1,1,0,22,5,9,0,0.0,5,6,2,11.666666666666666,10.8,1.4,1.74
1,1,4,1,1,13,14,10,10,0,0,1,1,1,19,6,9,4,12.0,6,10,4,12.5,15.5,2.8,-4.06
1,1,2,1,1,1,1,8,5,1,1,1,1,0,23,17,19,13,12.153846153846152,17,28,11,11.909090909090908,11.1,0.6,2.02
1,1,15,1,1,3,2,5,7,1,0,0,1,0,29,6,8,6,16.5,6,6,5,13.8,11.1,0.6,2.02
15,1,4,1,1,1,1,5,6,0,0,1,1,0,20,6,11,6,11.285714285714286,6,12,5,11.77777777777778,16.2,0.3,-0.92
8,3,2,1,1,3,29,3,6,1,0,1,1,0,22,0,0,0,0.0,0,0,0,0.0,10.8,1.4,1.74
1,2,14,1,1,3,1,4,6,1,0,1,1,0,20,6,10,5,14.0,6,10,6,12.0,11.1,0.6,2.02
12,1,8,1,1,13,14,10,6,1,0,1,1,0,24,5,13,4,13.75,5,9,3,12.0,9.4,-0.8,-3.12
17,1,4,1,1,13,1,10,10,0,1,1,1,0,21,12,20,10,11.8,12,15,9,11.444444444444445,8.9,1.4,3.51
8,1,7,1,1,13,1,5,6,0,0,1,1,0,20,5,10,4,11.5,5,11,0,0.0,13.9,-0.3,0.79
1,5,15,1,1,22,3,6,3,1,0,1,1,0,22,6,10,5,13.4,6,12,3,10.666666666666666,9.4,-0.8,-3.12
1,1,9,1,1,23,14,10,6,0,0,1,1,0,18,5,11,2,13.5,5,11,3,12.333333333333334,8.9,1.4,3.51
14,1,15,1,1,13,28,10,8,1,0,1,1,0,22,6,17,3,11.333333333333334,6,14,3,12.333333333333334,15.5,2.8,-4.06
1,2,15,1,1,3,1,5,5,1,0,1,1,0,19,6,9,5,11.4,6,13,5,12.4,8.9,1.4,3.51
12,2,17,0,1,22,27,10,10,0,0,1,0,0,43,5,11,3,10.666666666666666,5,10,4,12.5,9.4,-0.8,-3.12
12,1,4,1,1,1,1,30,29,0,0,1,1,0,24,7,7,7,13.571428571428571,6,9,5,13.4,8.9,1.4,3.51
8,4,7,1,1,23,27,6,8,1,0,1,1,0,18,5,7,4,12.0,5,10,3,13.0,7.6,2.6,0.32
14,1,6,1,1,22,27,10,8,0,0,1,1,0,21,5,11,0,0.0,5,11,3,11.666666666666666,9.4,-0.8,-3.12
12,1,3,0,1,22,27,7,7,0,0,1,1,0,39,6,8,5,11.4,6,12,3,11.0,7.6,2.6,0.32
12,1,12,1,1,22,27,10,10,0,0,1,1,0,34,7,15,6,11.333333333333334,7,16,4,12.6,16.2,0.3,-0.92
1,1,2,1,1,1,28,6,10,0,1,0,1,0,18,0,0,0,0.0,0,0,0,0.0,9.4,-0.8,-3.12
6,1,2,1,1,1,1,3,10,0,0,1,1,0,21,12,12,12,15.083333333333334,11,15,11,13.083333333333334,8.9,1.4,3.51
1,1,9,1,1,13,27,5,9,0,0,1,1,0,27,5,12,3,10.0,5,12,1,13.0,7.6,2.6,0.32
1,1,7,1,1,22,27,10,10,1,0,1,1,0,18,5,7,4,10.0,5,8,1,16.0,10.8,1.4,1.74
15,1,4,1,14,22,27,10,2,0,0,1,1,1,20,6,11,5,13.833333333333334,6,13,6,12.3,15.5,2.8,-4.06
15,1,8,1,14,5,1,3,6,1,0,1,1,0,19,6,13,5,11.6,6,12,2,11.0,13.9,-0.3,0.79
1,1,11,1,1,13,28,10,10,1,0,1,1,0,23,6,8,6,12.666666666666666,6,10,5,12.2,7.6,2.6,0.32
14,1,2,1,1,3,3,3,3,1,0,1,1,0,22,0,0,0,0.0,0,0,0,0.0,7.6,2.6,0.32
8,6,9,1,1,13,28,6,7,1,0,1,1,0,20,5,7,3,12.666666666666666,5,12,2,12.5,9.4,-0.8,-3.12
8,2,15,1,1,1,1,5,5,1,0,1,1,0,20,6,11,3,13.666666666666666,6,13,4,10.25,9.4,-0.8,-3.12
1,2,9,1,1,1,1,10,7,0,0,1,1,0,19,5,9,5,10.8,5,13,2,13.5,8.9,1.4,3.51
6,1,12,1,1,3,2,14,5,1,0,1,0,0,18,7,15,4,11.575,7,10,5,12.419999999999998,12.4,0.5,1.79
8,4,7,1,1,1,1,29,36,1,0,1,1,0,20,5,10,4,14.25,5,14,1,10.0,8.9,1.4,3.51
8,1,8,1,1,2,14,3,7,1,0,1,0,1,18,6,7,6,12.833333333333334,6,8,6,13.0,8.9,1.4,3.51
8,2,16,1,1,3,1,2,6,1,0,1,0,0,19,6,8,5,11.4,6,7,4,10.75,12.7,3.7,-1.7
14,1,8,1,1,3,4,4,3,0,0,1,0,0,19,5,10,5,14.857142857142858,5,7,5,15.142857142857142,9.4,-0.8,-3.12
15,1,4,1,14,23,28,7,4,0,0,1,0,0,19,6,18,3,11.666666666666666,6,14,4,11.5,15.5,2.8,-4.06
8,3,5,1,1,3,3,5,5,1,0,1,0,1,20,6,6,6,12.5,6,6,6,14.333333333333334,12.7,3.7,-1.7
9,4,7,1,1,13,28,32,39,1,1,1,1,0,18,5,11,3,10.666666666666666,5,9,3,11.333333333333334,8.9,1.4,3.51
1,1,7,1,1,13,27,6,9,1,0,1,1,0,18,5,9,4,10.5,5,11,2,10.5,7.6,2.6,0.32
1,2,2,1,1,3,3,3,3,1,0,1,0,0,18,0,0,0,0.0,0,0,0,0.0,12.4,0.5,1.79
14,1,9,1,1,23,14,20,36,0,0,1,0,0,19,5,11,5,11.5,5,9,2,10.666666666666666,13.9,-0.3,0.79
1,1,10,1,1,23,1,3,5,0,0,1,0,0,20,6,11,1,12.0,5,10,0,0.0,9.4,-0.8,-3.12
12,1,3,0,1,13,1,10,9,0,0,1,0,0,26,6,14,3,10.666666666666666,6,9,5,11.2,15.5,2.8,-4.06
12,1,9,1,9,22,27,10,8,0,1,1,0,0,41,5,6,5,11.6,5,8,5,12.2,7.6,2.6,0.32
12,1,17,0,1,13,27,10,9,0,0,1,0,0,26,5,10,4,12.0,5,9,4,11.25,12.7,3.7,-1.7
9,2,9,1,1,1,27,6,6,1,0,1,0,0,21,5,8,3,12.0,5,9,3,12.666666666666666,9.4,-0.8,-3.12
1,4,9,1,1,1,14,5,7,1,0,1,0,0,24,5,11,2,10.5,5,14,1,11.0,12.7,3.7,-1.7
1,4,16,1,1,13,1,6,10,1,0,1,0,0,18,6,7,5,12.2,6,7,5,12.2,10.8,1.4,1.74
1,1,16,1,1,13,27,10,10,1,1,0,0,0,22,7,10,6,11.5,7,8,6,13.166666666666666,11.1,0.6,2.02
8,1,9,1,1,13,14,8,8,1,0,1,0,0,23,5,7,2,10.0,5,9,1,12.0,9.4,-0.8,-3.12
8,3,6,1,1,13,27,6,6,1,0,1,0,0,21,5,14,2,13.0,5,8,4,12.0,9.4,-0.8,-3.12
8,3,16,1,1,23,28,8,8,1,0,1,0,0,18,6,8,5,13.4,6,7,5,12.0,7.6,2.6,0.32
8,1,11,1,1,1,1,5,10,1,0,1,0,0,22,6,14,4,12.25,6,11,3,11.333333333333334,7.6,2.6,0.32
13,1,5,1,1,3,2,3,3,0,0,1,0,0,29,10,15,9,11.555555555555555,11,17,10,11.9,9.4,-0.8,-3.12
1,1,12,1,1,1,14,5,5,0,0,1,1,0,19,7,7,7,12.2,7,7,7,12.2,7.6,2.6,0.32
1,1,9,1,1,1,14,8,8,0,0,1,1,1,18,5,10,4,10.8,5,10,4,11.75,15.5,2.8,-4.06
12,9,17,0,1,23,28,10,6,0,0,1,1,0,28,5,7,4,12.75,5,7,5,14.333333333333334,10.8,1.4,1.74
1,1,14,1,1,1,14,8,6,1,0,1,1,0,20,6,10,6,12.714285714285714,6,8,4,13.0,12.4,0.5,1.79
14,1,5,1,1,3,29,4,8,0,0,1,1,0,26,7,8,7,13.285714285714286,8,11,7,12.142857142857142,12.4,0.5,1.79
1,1,12,1,1,3,1,3,9,0,0,1,1,0,20,7,10,5,13.976666666666668,8,9,8,13.22222222222222,12.4,0.5,1.79
8,2,16,1,1,1,14,10,10,1,0,1,1,1,20,6,6,6,12.0,6,7,6,12.5,7.6,2.6,0.32
12,1,12,1,12,22,28,10,8,1,0,1,1,0,43,8,8,7,11.635714285714286,8,8,7,11.635714285714286,10.8,1.4,1.74
8,5,7,1,1,13,14,6,6,1,1,1,1,0,18,5,9,4,12.5,5,11,5,11.285714285714286,12.4,0.5,1.79
12,1,17,0,1,19,24,13,13,0,0,1,1,0,40,5,9,3,11.0,5,8,4,12.5,7.6,2.6,0.32
1,1,11,1,1,22,27,2,2,0,0,1,1,0,27,6,6,6,10.666666666666666,6,8,4,11.25,10.8,1.4,1.74
15,1,4,1,14,23,1,19,25,1,1,1,1,0,26,6,6,0,0.0,6,7,0,0.0,8.9,1.4,3.51
1,2,7,1,1,1,28,20,43,1,0,1,1,0,20,5,7,5,10.8,5,9,3,12.0,8.9,1.4,3.51
16,1,9,1,1,13,28,10,9,0,0,1,1,0,20,5,7,5,11.0,5,7,3,10.0,8.9,1.4,3.51
1,1,7,1,1,22,14,10,10,1,1,1,1,0,20,5,7,0,0.0,5,5,0,0.0,9.4,-0.8,-3.12
12,1,12,1,1,1,2,22,21,0,1,1,1,0,30,7,12,4,14.4,7,9,6,13.5,12.4,0.5,1.79
8,1,14,1,1,13,14,29,36,0,1,0,1,0,21,6,11,4,12.25,6,9,4,13.4,11.1,0.6,2.02
8,1,14,1,1,1,1,5,5,0,0,1,1,0,19,5,10,0,0.0,5,5,0,0.0,7.6,2.6,0.32
12,1,13,1,1,13,3,10,3,0,0,1,0,0,25,7,14,7,11.95,8,15,7,12.042857142857144,12.7,3.7,-1.7
12,2,13,1,1,13,28,10,10,0,0,1,0,1,26,7,7,0,0.0,8,8,0,0.0,10.8,1.4,1.74
8,2,9,1,1,2,3,3,3,1,0,1,0,0,19,5,10,3,11.0,5,9,4,11.75,12.7,3.7,-1.7
14,1,6,1,1,3,3,3,6,0,0,1,0,0,21,6,11,4,11.75,6,12,3,13.666666666666666,13.9,-0.3,0.79
1,1,8,1,1,4,5,3,3,1,0,1,0,0,21,5,12,1,11.0,5,9,2,10.5,12.7,3.7,-1.7
12,1,6,1,1,4,1,3,10,0,0,0,0,0,26,6,8,6,15.428571428571429,6,7,5,14.5,11.1,0.6,2.02
1,1,12,1,1,13,14,5,5,1,0,1,0,0,20,8,8,7,14.014285714285714,8,8,7,14.014285714285714,12.7,3.7,-1.7
8,2,10,1,1,1,14,5,11,1,0,1,0,0,18,6,15,2,10.333333333333334,6,13,3,13.333333333333334,12.7,3.7,-1.7
1,1,12,1,1,22,28,29,35,1,1,1,1,0,20,7,7,7,12.401428571428571,8,10,6,11.808333333333332,11.1,0.6,2.02
15,1,4,1,14,23,14,4,6,0,0,1,1,0,23,6,6,0,0.0,6,8,0,0.0,15.5,2.8,-4.06
15,1,4,1,14,2,3,10,7,0,0,1,1,0,20,6,12,4,10.8,6,13,4,12.0,12.4,0.5,1.79
14,1,3,0,1,22,27,10,6,0,0,1,0,0,45,9,13,8,11.0,7,10,6,10.833333333333334,12.7,3.7,-1.7
12,1,3,0,12,22,27,6,6,1,0,1,0,1,26,6,10,3,12.333333333333334,6,14,3,11.666666666666666,7.6,2.6,0.32
12,1,17,0,1,22,27,10,10,0,0,1,0,0,25,5,8,3,11.0,5,8,3,11.25,10.8,1.4,1.74
1,1,12,1,1,13,27,4,9,1,0,1,1,0,19,8,10,5,12.858,8,10,5,12.858,9.4,-0.8,-3.12
1,4,12,1,1,10,1,6,11,0,0,1,0,1,19,7,9,5,14.06,7,9,7,11.242857142857142,12.4,0.5,1.79
8,2,2,1,1,13,27,10,10,1,0,1,0,1,18,0,0,0,0.0,0,0,0,0.0,12.7,3.7,-1.7
14,2,14,1,1,3,3,6,6,1,0,1,0,0,19,5,5,4,13.75,6,9,5,12.6,12.7,3.7,-1.7
14,1,15,1,1,13,27,6,6,1,0,1,0,0,23,6,11,3,11.333333333333334,6,7,2,11.0,16.2,0.3,-0.92
1,1,10,1,1,22,27,10,8,1,0,1,0,0,20,6,7,5,13.2,6,6,6,12.666666666666666,10.8,1.4,1.74
1,3,14,1,1,22,27,8,8,1,0,1,1,0,19,5,7,3,11.333333333333334,5,7,4,11.0,9.4,-0.8,-3.12
12,1,17,0,1,22,27,10,10,0,0,1,1,0,29,5,5,0,0.0,5,5,0,0.0,7.6,2.6,0.32
1,1,14,1,1,10,10,6,8,1,0,1,0,0,18,6,8,6,14.625,6,9,6,14.142857142857142,11.1,0.6,2.02
1,3,12,1,1,1,14,17,40,1,0,1,0,0,19,7,12,4,13.375,7,8,6,12.116666666666667,12.4,0.5,1.79
1,1,9,1,1,22,27,10,8,0,0,1,0,1,19,5,6,4,11.0,5,9,4,13.857142857142858,10.8,1.4,1.74
14,1,15,1,1,13,1,6,6,1,0,1,0,0,18,6,6,0,0.0,6,10,3,11.0,16.2,0.3,-0.92
8,1,14,1,1,1,1,5,5,1,0,1,0,1,19,6,7,6,13.285714285714286,6,9,5,14.6,12.4,0.5,1.79
1,5,12,1,1,3,14,5,9,1,0,1,0,0,19,7,11,5,11.716666666666669,7,8,5,13.7,13.9,-0.3,0.79
1,2,5,1,1,3,4,3,3,1,0,1,0,0,18,6,6,6,12.333333333333334,6,6,6,12.833333333333334,7.6,2.6,0.32
8,3,9,1,1,1,1,5,8,1,0,1,0,0,18,5,5,5,12.6,5,5,4,11.0,11.1,0.6,2.02
12,1,4,1,1,3,3,3,3,0,1,0,0,0,34,6,10,6,14.333333333333334,6,9,6,12.833333333333334,11.1,0.6,2.02
1,2,14,1,1,22,27,10,10,0,0,1,0,0,22,5,8,3,12.0,5,9,2,11.0,7.6,2.6,0.32
12,2,9,1,1,22,27,10,9,0,0,1,0,0,50,5,12,3,13.333333333333334,5,8,5,12.2,9.4,-0.8,-3.12
12,1,6,1,1,22,27,7,7,0,0,1,0,1,25,6,13,3,11.666666666666666,6,14,2,11.333333333333334,11.1,0.6,2.02
12,1,17,0,1,22,27,10,10,0,0,1,0,0,50,5,9,2,10.5,5,7,3,11.0,12.7,3.7,-1.7
14,1,3,0,9,19,24,1,1,1,0,1,0,0,48,6,9,5,13.0,6,10,4,12.5,7.6,2.6,0.32
12,1,9,1,1,22,27,10,11,0,0,1,0,0,41,5,14,4,14.5,5,12,5,13.0,9.4,-0.8,-3.12
14,1,17,0,1,23,27,6,7,0,0,1,0,0,28,10,15,6,10.666666666666666,10,17,9,11.333333333333334,7.6,2.6,0.32
16,1,9,1,1,1,27,10,11,0,0,1,0,0,53,15,15,15,11.8,13,13,12,11.666666666666666,8.9,1.4,3.51
12,1,3,0,1,22,27,10,8,0,0,1,0,0,49,6,9,5,12.333333333333334,6,12,4,11.5,13.9,-0.3,0.79
14,1,10,1,1,13,14,6,6,1,0,1,0,0,22,10,15,8,11.0,7,16,5,11.2,9.4,-0.8,-3.12
12,1,17,0,1,22,27,7,7,0,0,1,0,0,40,5,9,4,11.25,5,6,5,12.0,13.9,-0.3,0.79
14,1,17,0,2,22,27,10,9,0,0,1,0,0,36,12,21,11,11.5,12,22,12,11.4375,9.4,-0.8,-3.12
12,1,3,0,1,22,27,10,10,0,0,1,0,1,48,6,7,6,10.666666666666666,6,9,5,11.8,10.8,1.4,1.74
12,1,3,0,1,13,27,5,6,0,0,1,0,0,34,6,6,4,13.25,6,6,0,0.0,12.7,3.7,-1.7
1,3,12,1,1,1,1,5,5,1,0,1,0,0,19,8,10,1,13.67,8,10,1,13.67,9.4,-0.8,-3.12
12,1,17,0,1,22,27,10,4,0,0,1,0,0,34,5,9,4,11.0,5,10,4,10.75,7.6,2.6,0.32
12,2,13,1,1,1,3,10,3,1,0,1,0,0,28,7,9,7,12.428571428571429,8,8,8,12.3,12.4,0.5,1.79
12,2,14,1,1,22,27,10,10,0,0,1,0,0,35,5,8,5,11.4,5,7,3,12.333333333333334,9.4,-0.8,-3.12
8,4,12,1,1,4,1,3,2,1,0,1,0,0,18,8,8,0,0.0,8,8,0,0.0,9.4,-0.8,-3.12
3,1,6,1,1,1,1,5,5,0,0,1,0,0,18,5,9,3,12.0,5,6,4,13.0,7.6,2.6,0.32
14,2,16,1,1,13,1,6,5,1,0,1,0,0,20,6,10,4,12.25,6,8,4,11.5,10.8,1.4,1.74
1,2,11,1,1,23,14,10,8,1,0,1,0,0,18,6,10,4,11.75,6,9,5,11.2,7.6,2.6,0.32
8,1,9,1,1,3,3,3,3,0,0,1,0,0,20,5,10,4,11.0,5,7,4,11.5,15.5,2.8,-4.06
12,1,12,1,1,3,14,3,6,0,0,1,0,0,24,8,12,7,12.714285714285714,8,12,7,12.714285714285714,12.7,3.7,-1.7
8,5,9,1,1,1,28,5,6,1,0,1,0,1,19,5,12,2,10.0,5,11,4,11.75,11.1,0.6,2.02
1,4,15,1,1,3,14,3,4,1,0,1,0,0,18,6,10,6,12.571428571428571,6,11,6,12.571428571428571,10.8,1.4,1.74
8,5,12,1,1,13,1,10,5,1,0,1,0,0,18,7,8,6,13.39,8,10,7,12.757142857142856,11.1,0.6,2.02
1,1,6,1,1,1,1,10,8,0,0,1,0,0,19,5,7,3,12.333333333333334,5,7,4,10.25,7.6,2.6,0.32
13,1,9,1,1,3,28,3,6,1,0,1,0,0,19,5,8,2,11.5,5,10,3,10.857142857142858,10.8,1.4,1.74
1,2,15,1,1,13,14,6,7,0,0,1,0,0,19,6,6,6,15.0,6,7,6,14.0,15.5,2.8,-4.06
1,3,12,1,1,2,3,6,3,1,0,1,0,0,19,7,9,5,12.32,7,9,5,11.9,12.4,0.5,1.79
1,3,14,1,1,1,14,6,6,1,0,1,1,1,20,6,7,6,11.333333333333334,6,10,4,10.571428571428571,10.8,1.4,1.74
12,1,7,1,1,13,27,10,5,1,0,1,1,0,33,5,10,4,12.0,5,8,3,13.666666666666666,7.6,2.6,0.32
1,1,14,1,1,4,2,15,17,1,0,1,1,0,20,6,8,5,12.8,6,10,5,11.6,13.9,-0.3,0.79
14,1,7,1,1,1,1,10,3,0,1,0,1,0,27,5,5,0,0.0,5,7,0,0.0,13.9,-0.3,0.79
4,1,9,1,3,13,1,10,10,0,0,1,0,0,33,8,10,6,12.833333333333334,5,8,4,12.0,11.1,0.6,2.02
8,1,16,1,1,23,28,10,8,1,0,1,0,1,20,6,10,5,13.2,6,12,5,12.833333333333334,9.4,-0.8,-3.12
1,1,10,1,1,22,27,10,10,1,0,1,0,0,19,6,11,5,11.6,6,11,6,11.666666666666666,7.6,2.6,0.32
1,5,15,1,1,23,1,5,6,1,0,1,0,0,18,6,6,6,13.166666666666666,6,6,6,12.5,15.5,2.8,-4.06
1,1,14,1,1,3,28,3,10,1,0,1,0,0,19,6,7,5,12.6,6,10,5,12.375,10.8,1.4,1.74
1,1,6,1,1,23,27,2,2,1,0,1,0,0,21,5,8,3,11.333333333333334,5,8,3,13.333333333333334,12.7,3.7,-1.7
8,5,14,1,1,13,21,8,8,1,0,1,0,1,19,5,8,3,10.5,5,6,4,11.75,7.6,2.6,0.32
8,1,10,1,1,22,14,10,9,1,0,1,0,0,21,6,11,6,10.375,6,12,3,11.666666666666666,12.7,3.7,-1.7
1,6,12,1,1,1,1,5,5,1,0,1,0,0,21,7,8,6,13.25,8,8,8,13.8375,13.9,-0.3,0.79
8,1,12,1,1,2,28,3,11,1,0,1,0,0,18,7,9,7,12.50625,8,15,5,13.2,13.9,-0.3,0.79
1,1,16,1,1,13,28,3,8,1,0,1,0,1,19,6,9,5,12.2,6,10,4,11.5,7.6,2.6,0.32
1,5,12,1,1,1,1,4,5,0,0,1,0,0,20,7,9,5,12.04,7,9,6,11.77142857142857,12.4,0.5,1.79
8,3,9,1,1,23,14,8,8,0,0,1,0,0,20,5,7,5,11.166666666666666,5,9,4,10.75,15.5,2.8,-4.06
1,1,8,1,1,1,1,10,10,1,0,1,0,0,20,5,10,4,12.5,5,12,2,13.0,12.7,3.7,-1.7
1,5,12,1,1,1,1,4,9,1,0,1,0,0,18,7,9,6,12.183333333333332,7,9,6,11.783333333333331,16.2,0.3,-0.92
1,2,9,1,1,22,27,10,10,0,0,1,0,0,18,5,8,2,10.0,5,9,3,11.333333333333334,7.6,2.6,0.32
8,1,11,1,1,1,1,5,5,1,0,1,1,0,21,6,11,6,11.166666666666666,6,14,3,14.666666666666666,7.6,2.6,0.32
14,1,5,1,1,13,14,10,10,1,0,1,1,1,20,6,8,3,11.0,6,8,2,11.333333333333334,10.8,1.4,1.74
8,5,10,1,1,13,27,6,8,1,0,1,0,1,19,6,9,5,11.333333333333334,6,6,6,10.833333333333334,13.9,-0.3,0.79
14,1,12,1,1,13,28,10,8,1,0,1,1,1,19,7,8,5,11.2,7,8,5,11.2,7.6,2.6,0.32
12,1,7,1,1,22,3,10,4,1,0,1,1,0,28,5,11,4,10.5,5,12,4,11.0,7.6,2.6,0.32
1,2,9,1,1,1,28,5,6,0,0,1,1,0,21,5,10,3,11.25,5,9,3,11.0,15.5,2.8,-4.06
16,1,17,0,1,23,3,6,4,0,1,1,1,0,24,10,15,7,10.714285714285714,10,11,9,12.555555555555555,12.4,0.5,1.79
13,1,4,1,1,1,3,5,3,1,0,1,1,0,23,6,14,5,12.0,6,12,5,12.142857142857142,15.5,2.8,-4.06
1,1,15,1,1,5,3,5,5,1,0,1,1,0,20,6,7,6,12.166666666666666,6,9,3,12.0,12.4,0.5,1.79
1,1,2,1,1,2,2,4,3,1,0,1,1,0,18,0,0,0,0.0,0,0,0,0.0,7.6,2.6,0.32
14,1,3,0,1,22,27,10,10,0,0,1,0,0,23,13,15,9,11.0,11,12,7,11.571428571428571,15.5,2.8,-4.06
15,1,6,1,14,13,28,32,44,1,0,1,0,0,23,6,11,4,11.5,6,12,4,12.2,8.9,1.4,3.51
12,1,9,1,1,22,27,10,10,0,0,1,0,0,39,5,8,4,11.25,5,8,4,11.5,11.1,0.6,2.02
1,1,14,1,1,22,14,10,10,1,0,1,0,0,22,5,7,3,12.666666666666666,5,6,4,12.0,7.6,2.6,0.32
12,1,17,0,1,22,27,10,10,0,0,1,0,0,30,5,10,3,10.666666666666666,5,8,5,10.4,12.7,3.7,-1.7
12,1,17,0,14,23,14,10,6,0,0,1,0,1,35,5,9,3,11.666666666666666,5,7,5,11.8,12.7,3.7,-1.7
14,1,12,1,1,22,27,10,7,1,0,1,0,0,26,7,8,6,12.0,7,8,6,12.0,7.6,2.6,0.32
17,1,9,1,16,13,14,28,31,0,0,1,0,0,30,11,20,9,12.22222222222222,9,16,9,11.6,8.9,1.4,3.51
12,1,17,0,1,22,27,10,7,0,1,1,1,0,25,5,8,4,11.0,5,7,4,12.0,7.6,2.6,0.32
8,3,12,1,1,13,3,10,6,1,0,1,0,0,18,8,8,7,13.68142857142857,8,8,7,13.68142857142857,10.8,1.4,1.74
14,1,12,1,1,23,14,10,11,0,0,1,0,0,23,7,11,6,12.1,7,7,6,12.616666666666667,16.2,0.3,-0.92
8,2,12,1,1,22,27,8,8,1,0,1,0,1,18,7,10,5,11.94,7,8,6,12.8,11.1,0.6,2.02
16,1,5,1,9,22,14,4,8,0,1,1,0,0,31,6,8,5,11.0,6,12,6,10.166666666666666,8.9,1.4,3.51
1,1,11,1,1,1,1,10,11,0,0,1,1,0,20,6,8,6,12.857142857142858,6,9,5,12.4,8.9,1.4,3.51
1,1,2,1,1,1,3,3,3,0,0,1,1,0,19,10,10,5,11.0,7,8,2,10.0,8.9,1.4,3.51
12,1,7,1,1,22,27,10,10,0,1,1,1,1,34,5,14,1,17.0,5,10,2,11.0,9.4,-0.8,-3.12
8,1,9,1,1,1,1,5,5,0,0,1,1,0,21,5,5,5,11.0,5,11,3,11.428571428571429,10.8,1.4,1.74
8,4,15,1,1,3,1,3,8,1,0,1,1,0,21,6,7,0,0.0,6,11,1,10.0,10.8,1.4,1.74
8,1,14,1,1,1,1,5,4,0,0,1,1,0,24,6,6,4,11.25,6,9,4,10.428571428571429,10.8,1.4,1.74
8,1,14,1,1,1,1,5,9,0,1,0,1,0,20,6,7,5,12.4,6,8,4,13.0,13.9,-0.3,0.79
1,1,7,1,1,22,27,10,7,0,0,1,1,0,19,5,7,1,13.0,5,7,2,10.0,9.4,-0.8,-3.12
1,1,3,0,1,3,1,3,10,1,0,1,1,0,26,6,6,6,11.833333333333334,6,6,6,11.666666666666666,10.8,1.4,1.74
15,1,7,1,14,3,14,4,5,0,0,1,1,0,20,5,12,1,13.0,5,8,3,12.6,12.4,0.5,1.79
1,1,9,1,1,1,27,10,10,1,0,1,0,0,21,5,8,4,11.0,5,8,5,12.0,7.6,2.6,0.32
1,1,17,0,1,22,27,10,4,0,0,1,1,0,26,5,11,2,11.5,5,10,3,12.0,7.6,2.6,0.32
1,6,12,1,1,13,27,10,10,1,0,1,0,1,19,8,8,7,14.06,8,8,7,14.06,10.8,1.4,1.74
1,1,9,1,1,13,27,10,10,0,0,1,0,0,19,5,6,4,11.25,5,10,3,11.714285714285714,10.8,1.4,1.74
1,1,6,1,1,22,27,10,10,1,0,1,0,0,19,5,10,2,14.5,5,9,3,11.333333333333334,12.7,3.7,-1.7
14,1,10,1,1,13,27,6,6,0,0,1,0,1,21,6,15,2,10.5,6,8,5,12.4,10.8,1.4,1.74
1,2,9,1,1,23,14,4,8,1,0,1,0,0,19,5,8,4,12.8,5,10,3,14.5,10.8,1.4,1.74
14,1,9,1,1,3,14,3,10,0,0,1,0,0,18,5,5,0,0.0,5,9,4,13.25,16.2,0.3,-0.92
1,1,14,1,1,22,14,8,8,0,0,1,0,0,20,6,9,6,13.571428571428571,6,10,5,13.6,15.5,2.8,-4.06
14,1,17,0,1,22,27,10,10,0,0,1,0,0,32,5,5,5,10.2,5,9,4,11.25,9.4,-0.8,-3.12
7,3,16,1,1,13,27,10,10,1,0,1,0,0,19,6,8,5,12.2,6,8,5,11.8,10.8,1.4,1.74
3,1,14,1,1,1,10,5,5,1,0,1,0,0,19,6,7,6,13.428571428571429,6,6,4,14.0,12.4,0.5,1.79
8,1,9,1,1,23,28,8,6,0,0,1,0,0,18,5,9,1,11.0,5,10,0,0.0,9.4,-0.8,-3.12
8,6,12,1,1,3,28,3,10,1,0,1,0,0,20,7,8,6,13.548333333333334,8,11,6,14.775,11.1,0.6,2.02
1,1,15,1,1,3,3,3,6,0,0,1,0,0,19,6,6,6,12.166666666666666,6,6,6,12.5,16.2,0.3,-0.92
9,1,9,1,1,23,28,6,6,1,0,1,0,0,24,5,5,5,10.8,5,11,2,11.0,10.8,1.4,1.74
14,1,17,0,1,22,27,10,9,1,0,1,0,0,29,13,16,8,10.5,12,19,9,10.333333333333334,9.4,-0.8,-3.12
8,1,13,1,1,1,28,5,10,0,0,1,0,0,19,7,10,6,11.15,7,7,7,12.814285714285717,12.7,3.7,-1.7
1,1,14,1,1,23,14,5,9,0,0,1,0,0,19,6,8,3,11.666666666666666,6,11,5,13.625,10.8,1.4,1.74
12,1,17,0,1,22,27,10,10,0,0,1,0,0,24,5,9,5,12.285714285714286,5,8,5,12.125,16.2,0.3,-0.92
12,1,12,1,1,13,14,6,7,0,1,1,0,0,28,7,12,4,13.375,7,7,5,13.5,13.9,-0.3,0.79
14,1,12,1,1,22,27,10,10,0,0,1,0,0,38,8,12,5,13.126,8,12,5,13.126,10.8,1.4,1.74
1,1,16,1,1,1,27,10,10,1,0,1,0,0,19,6,11,3,10.333333333333334,6,10,5,11.8,9.4,-0.8,-3.12
1,1,9,1,1,23,14,4,11,1,0,1,0,0,20,5,5,4,12.0,4,4,2,11.5,7.6,2.6,0.32
1,1,17,0,1,22,27,10,10,0,0,1,0,0,29,5,11,5,11.4,5,10,4,10.25,15.5,2.8,-4.06
1,5,12,1,1,22,27,8,8,1,0,1,0,1,19,8,8,7,12.771428571428572,8,8,7,12.771428571428572,9.4,-0.8,-3.12
12,1,10,1,1,23,1,10,4,0,1,1,1,0,28,8,15,7,11.0,6,17,1,10.0,10.8,1.4,1.74
12,1,4,1,1,1,27,29,44,0,0,1,1,0,27,6,6,0,0.0,6,6,0,0.0,11.1,0.6,2.02
1,1,9,1,1,13,14,10,8,1,0,1,1,1,18,5,7,4,11.25,5,6,4,12.25,12.4,0.5,1.79
15,1,8,1,14,1,14,5,8,0,0,1,1,0,20,6,12,5,12.4,6,11,2,15.0,13.9,-0.3,0.79
14,1,15,1,1,1,1,5,6,1,0,1,1,0,23,6,15,1,13.0,6,8,4,11.25,9.4,-0.8,-3.12
14,4,14,1,1,3,3,5,5,0,0,1,1,0,21,5,11,2,10.0,5,10,3,10.333333333333334,9.4,-0.8,-3.12
12,1,17,0,1,1,4,5,3,0,0,1,1,0,34,5,5,5,14.2,5,5,5,14.6,12.7,3.7,-1.7
1,1,12,1,1,10,1,5,11,0,0,1,1,0,20,7,9,5,12.7,8,9,7,13.475,13.9,-0.3,0.79
13,1,4,1,14,3,1,3,7,1,0,1,1,0,24,9,13,8,13.333333333333334,10,12,9,13.11111111111111,16.2,0.3,-0.92
12,1,17,0,1,22,28,10,5,0,0,1,1,0,39,5,7,4,12.25,5,7,4,12.75,15.5,2.8,-4.06
8,1,6,1,1,13,28,5,9,0,0,0,1,0,19,6,11,5,13.6,6,11,5,13.666666666666666,11.1,0.6,2.02
12,1,17,0,9,22,27,10,10,0,0,1,1,0,38,5,11,2,10.5,5,9,3,11.333333333333334,7.6,2.6,0.32
1,1,12,1,1,23,14,32,44,1,0,1,1,0,21,7,9,6,12.565,8,12,5,12.16,11.1,0.6,2.02
8,1,14,1,1,22,28,4,4,0,1,1,1,0,19,6,7,6,13.166666666666666,6,9,5,13.2,8.9,1.4,3.51
12,1,11,1,9,22,27,6,8,1,0,1,1,0,25,6,7,6,11.166666666666666,6,11,4,11.8,9.4,-0.8,-3.12
1,4,5,1,1,4,14,3,11,1,0,1,1,0,19,6,7,6,12.666666666666666,6,8,6,12.142857142857142,9.4,-0.8,-3.12
12,1,12,1,12,13,14,5,5,0,0,1,1,0,33,7,7,5,13.06,7,9,0,0.0,16.2,0.3,-0.92
1,2,7,1,1,13,14,10,10,1,0,1,1,0,18,5,5,0,0.0,5,5,0,0.0,9.4,-0.8,-3.12
8,6,9,1,1,22,28,10,10,1,1,0,1,0,19,5,8,4,12.5,5,9,5,10.5,8.9,1.4,3.51
1,3,9,1,1,1,1,6,4,1,0,1,1,0,19,5,6,0,0.0,5,6,0,0.0,7.6,2.6,0.32
8,3,12,1,1,3,1,3,8,1,0,1,1,0,18,8,8,7,13.154285714285717,8,8,7,13.154285714285717,10.8,1.4,1.74
1,1,8,1,1,2,3,10,2,0,0,1,1,0,19,5,14,2,11.5,5,8,5,11.4,9.4,-0.8,-3.12
15,1,4,1,14,13,1,2,2,0,0,1,1,0,22,6,12,3,13.333333333333334,6,12,3,12.75,15.5,2.8,-4.06
8,3,7,1,1,1,14,20,44,1,0,1,1,0,18,5,7,5,11.8,5,9,3,12.0,8.9,1.4,3.51
14,1,2,1,1,13,14,10,5,0,0,1,1,0,22,0,0,0,0.0,0,0,0,0.0,13.9,-0.3,0.79
1,1,2,1,1,1,27,10,10,0,1,1,1,0,19,0,0,0,0.0,0,0,0,0.0,15.5,2.8,-4.06
15,1,7,1,14,23,14,10,6,1,0,1,1,0,19,5,9,2,12.5,5,10,3,11.6,12.4,0.5,1.79
6,1,7,1,1,2,2,3,3,0,1,1,1,0,24,8,8,7,13.142857142857142,6,8,6,11.833333333333334,8.9,1.4,3.51
1,1,7,1,1,13,14,10,9,0,0,0,1,1,18,5,6,5,15.0,5,6,5,14.2,8.9,1.4,3.51
1,1,10,1,1,13,28,8,6,0,0,1,0,0,20,6,13,1,10.0,6,13,1,13.0,9.4,-0.8,-3.12
1,6,15,1,1,1,14,5,5,1,0,1,0,1,18,6,6,6,12.166666666666666,6,10,5,11.2,7.6,2.6,0.32
15,1,10,1,14,22,14,29,15,1,1,1,0,0,21,6,8,3,12.0,6,6,2,12.5,12.4,0.5,1.79
12,1,16,1,12,23,14,10,10,0,1,0,0,0,33,7,7,7,12.857142857142858,7,8,6,12.666666666666666,8.9,1.4,3.51
12,1,6,1,1,3,3,5,3,1,0,1,0,0,26,6,11,3,11.75,6,19,4,12.8,12.4,0.5,1.79
14,1,14,1,14,13,3,8,11,0,0,1,0,0,21,6,8,5,11.833333333333334,6,8,4,13.25,16.2,0.3,-0.92
15,1,6,1,14,1,14,10,10,1,0,1,0,0,20,6,13,6,12.555555555555555,6,11,5,11.8,16.2,0.3,-0.92
15,1,6,1,14,23,1,6,6,0,0,1,0,0,20,5,10,2,14.5,5,7,4,11.25,12.7,3.7,-1.7
12,1,4,1,12,22,27,10,5,0,0,1,1,0,43,6,8,6,12.875,6,14,5,12.142857142857142,16.2,0.3,-0.92
12,1,9,1,1,13,14,10,10,0,0,1,1,0,26,5,9,5,12.0,5,5,5,10.2,11.1,0.6,2.02
14,1,8,1,1,1,1,2,2,1,0,1,1,0,33,5,12,1,13.0,5,7,3,14.0,9.4,-0.8,-3.12
8,1,11,1,1,1,1,5,11,0,0,1,1,0,19,6,7,5,10.8,6,10,2,10.5,10.8,1.4,1.74
8,3,5,1,1,23,27,6,6,1,0,1,1,0,18,6,6,6,12.833333333333334,6,8,5,11.4,15.5,2.8,-4.06
1,1,9,1,1,19,24,13,13,0,1,1,1,1,21,5,5,5,12.6,5,9,3,12.833333333333334,10.8,1.4,1.74
1,2,9,1,1,22,1,6,4,1,0,1,1,0,20,5,9,2,14.333333333333334,5,10,2,12.5,7.6,2.6,0.32
15,1,4,1,1,1,3,22,21,0,0,1,1,0,19,6,17,1,11.0,6,19,0,0.0,16.2,0.3,-0.92
12,1,7,1,1,13,27,10,10,0,0,1,1,1,24,5,8,5,11.833333333333334,5,8,4,14.0,12.7,3.7,-1.7
1,1,11,1,1,3,1,3,5,0,0,1,1,0,21,6,10,5,11.333333333333334,6,14,2,11.5,12.7,3.7,-1.7
12,1,7,1,1,22,14,10,4,0,0,1,1,1,28,5,16,3,14.333333333333334,5,9,5,12.428571428571429,9.4,-0.8,-3.12
16,1,6,1,15,3,3,5,3,0,0,1,0,0,28,6,8,6,14.428571428571429,6,12,4,15.6,11.1,0.6,2.02
15,1,6,1,1,1,1,5,4,1,0,1,0,0,20,6,13,5,11.8,6,19,4,12.0,12.4,0.5,1.79
1,3,16,1,1,3,3,3,3,1,0,1,0,0,23,6,8,5,13.6,6,8,5,11.6,7.6,2.6,0.32
15,1,6,1,14,1,1,5,5,1,0,1,0,0,23,6,12,4,13.4,6,17,2,13.5,12.4,0.5,1.79
14,1,13,1,1,2,3,4,3,0,0,1,0,0,25,7,10,3,13.0,8,10,3,11.666666666666666,10.8,1.4,1.74
1,2,12,1,1,1,14,5,5,1,0,1,0,1,19,7,9,5,13.34,7,9,6,12.385714285714286,12.4,0.5,1.79
15,1,4,1,14,1,28,5,10,0,0,1,1,1,20,6,18,3,12.0,6,17,3,11.666666666666666,15.5,2.8,-4.06
15,1,4,1,14,3,1,5,7,0,0,1,1,0,19,6,8,5,11.5,6,11,6,11.333333333333334,12.4,0.5,1.79
14,1,12,1,1,22,27,10,8,1,0,1,0,1,18,7,8,5,12.86,7,8,5,12.86,7.6,2.6,0.32
1,3,12,1,1,13,3,4,3,1,0,1,0,0,18,7,8,7,12.59125,8,11,7,12.820000000000002,15.5,2.8,-4.06
15,1,4,1,14,4,4,5,3,1,0,1,1,0,22,6,13,5,13.0,6,13,2,11.5,12.4,0.5,1.79
1,1,7,1,1,1,28,5,4,1,0,1,1,0,18,5,5,0,0.0,5,6,1,15.0,10.8,1.4,1.74
8,1,14,1,1,22,27,10,10,1,0,1,1,0,19,6,7,5,13.2,6,10,5,13.25,10.8,1.4,1.74
14,1,5,1,1,22,27,10,10,1,0,1,1,0,34,12,12,7,11.428571428571429,12,12,7,11.857142857142858,7.6,2.6,0.32
1,1,11,1,1,22,27,10,10,0,0,1,1,1,19,6,7,6,11.166666666666666,6,12,3,11.666666666666666,10.8,1.4,1.74
1,1,10,1,1,13,28,8,8,0,0,1,1,0,20,6,12,4,11.75,6,13,3,11.333333333333334,15.5,2.8,-4.06
1,1,11,1,1,13,14,8,9,1,0,1,0,1,20,6,6,6,14.5,6,7,5,15.0,12.4,0.5,1.79
1,1,10,1,1,13,28,10,10,0,0,1,0,1,19,6,12,4,10.4,6,11,4,10.75,12.4,0.5,1.79
9,1,16,1,1,1,14,20,41,1,1,1,0,0,21,7,7,7,13.0,7,8,6,12.5,8.9,1.4,3.51
1,4,14,1,1,1,1,10,10,1,0,1,0,0,18,6,6,6,14.166666666666666,6,7,6,13.428571428571429,8.9,1.4,3.51
1,6,12,1,1,1,1,10,7,1,0,1,0,0,21,7,11,4,13.25,7,9,5,13.82,11.1,0.6,2.02
8,5,5,1,1,13,1,6,6,1,0,1,1,0,22,6,6,1,11.0,6,6,0,0.0,9.4,-0.8,-3.12
4,1,9,1,3,22,27,10,10,0,0,1,0,0,33,8,9,5,12.6,7,13,5,11.25,10.8,1.4,1.74
8,3,11,1,1,22,27,10,7,1,0,1,0,1,20,6,11,4,11.5,6,12,3,11.0,7.6,2.6,0.32
12,1,9,1,1,22,27,7,11,0,0,1,0,0,35,5,6,4,14.2,5,10,4,11.857142857142858,10.8,1.4,1.74
1,1,10,1,1,3,28,2,6,1,0,1,0,0,22,6,11,4,12.5,6,13,3,13.666666666666666,9.4,-0.8,-3.12
8,1,15,1,1,13,14,5,5,1,0,1,0,0,20,6,9,6,11.666666666666666,6,8,5,11.6,7.6,2.6,0.32
1,1,14,1,1,22,27,11,7,1,0,1,0,0,20,5,6,3,13.0,5,7,3,13.0,7.6,2.6,0.32
1,1,2,1,1,13,14,6,5,1,1,1,1,0,21,12,12,11,11.545454545454543,11,18,9,11.7,8.9,1.4,3.51
14,1,9,1,1,1,5,10,11,1,0,1,1,0,23,5,6,1,10.0,5,5,0,0.0,15.5,2.8,-4.06
12,1,4,1,1,13,14,10,7,1,0,1,0,0,24,6,10,5,11.8,6,13,4,11.25,12.4,0.5,1.79
1,1,9,1,1,13,14,10,10,0,1,1,0,0,19,5,13,1,10.0,5,8,2,10.0,12.4,0.5,1.79
1,1,11,1,1,23,27,6,6,0,0,1,0,0,19,6,12,4,11.0,6,6,4,12.5,16.2,0.3,-0.92
1,3,11,1,1,13,14,10,10,1,0,1,0,0,22,6,10,4,10.0,6,12,2,13.5,9.4,-0.8,-3.12
12,1,9,1,1,22,27,6,6,0,0,1,0,0,36,5,8,3,11.0,5,12,4,13.375,10.8,1.4,1.74
1,1,12,1,1,1,14,10,10,0,0,1,0,1,20,7,14,0,0.0,7,15,0,0.0,11.1,0.6,2.02
12,1,15,1,13,13,14,8,10,0,0,1,0,0,40,6,8,5,13.0,6,7,5,12.6,16.2,0.3,-0.92
3,1,9,1,1,13,28,6,7,1,0,1,0,0,19,5,15,3,10.8,5,6,3,10.5,13.9,-0.3,0.79
6,1,13,1,1,3,14,14,29,0,0,1,0,0,20,7,14,0,0.0,7,12,2,11.666666666666666,8.9,1.4,3.51
1,1,17,0,1,22,27,10,8,0,0,1,0,1,38,5,8,5,11.0,5,7,5,11.4,9.4,-0.8,-3.12
1,1,2,1,1,13,28,10,9,1,0,1,1,1,19,12,12,12,13.333333333333334,11,15,10,12.818181818181818,8.9,1.4,3.51
8,1,10,1,1,22,27,10,10,1,0,1,0,1,21,6,8,1,10.0,6,13,5,11.4,12.7,3.7,-1.7
8,2,12,1,1,2,28,4,9,1,0,1,0,0,18,8,12,7,12.285714285714286,8,12,7,12.285714285714286,12.7,3.7,-1.7
14,1,5,1,1,2,3,4,3,0,0,1,0,0,19,6,6,5,12.4,6,8,6,12.75,10.8,1.4,1.74
13,1,4,1,14,13,1,6,6,0,0,1,0,0,22,6,10,6,12.571428571428571,6,12,4,13.666666666666666,15.5,2.8,-4.06
8,1,2,1,1,1,28,10,10,1,1,1,0,0,22,17,19,12,11.833333333333334,17,22,11,11.25,11.1,0.6,2.02
14,1,3,0,1,23,14,6,5,0,0,1,0,0,20,6,6,6,12.166666666666666,6,7,5,14.0,12.7,3.7,-1.7
12,1,10,1,12,1,2,5,7,0,0,1,0,0,31,6,6,6,13.166666666666666,6,8,6,13.0,9.4,-0.8,-3.12
1,2,14,1,1,22,27,10,8,1,0,1,0,1,18,6,8,6,13.571428571428571,6,6,5,12.8,12.4,0.5,1.79
1,1,6,1,1,22,27,10,7,0,1,1,0,0,21,5,9,2,11.5,5,13,4,11.0,10.8,1.4,1.74
8,3,11,1,1,22,14,6,6,1,0,1,0,0,19,6,8,4,11.25,6,8,4,12.0,10.8,1.4,1.74
12,1,12,1,1,23,27,6,8,1,0,1,0,1,25,8,11,7,13.29,8,11,7,13.29,9.4,-0.8,-3.12
14,1,17,0,1,22,27,4,11,0,0,1,0,0,33,10,15,8,10.375,10,13,9,10.444444444444445,7.6,2.6,0.32
14,1,13,1,1,1,1,5,9,1,0,1,0,0,20,7,9,7,12.333333333333334,8,8,8,12.625,12.7,3.7,-1.7
1,2,9,1,1,1,14,5,10,1,0,1,0,0,19,5,5,5,11.2,5,11,4,11.75,10.8,1.4,1.74
1,3,5,1,1,13,14,4,4,1,0,1,0,0,20,6,6,6,11.833333333333334,6,6,3,13.333333333333334,9.4,-0.8,-3.12
1,1,6,1,1,23,27,4,10,1,0,0,0,0,18,6,7,6,14.833333333333334,6,8,6,12.5,8.9,1.4,3.51
1,1,6,1,1,22,14,10,6,1,0,1,0,1,19,5,10,2,13.5,5,11,5,11.4,10.8,1.4,1.74
14,1,12,1,1,23,14,6,6,1,0,1,0,1,24,8,8,7,11.971428571428572,8,8,7,11.971428571428572,12.7,3.7,-1.7
1,3,6,1,1,23,14,10,6,0,0,1,0,0,19,5,7,3,12.0,5,7,4,13.5,7.6,2.6,0.32
15,1,6,1,14,3,28,3,10,1,0,1,0,0,21,12,18,8,12.25,12,27,8,12.2,12.4,0.5,1.79
1,1,11,1,1,22,27,8,8,0,0,1,0,0,18,6,10,5,12.2,6,10,5,11.6,16.2,0.3,-0.92
12,1,13,1,1,13,28,10,9,0,0,1,0,0,24,7,15,5,12.4,8,14,7,12.15,12.4,0.5,1.79
14,1,13,1,1,23,28,8,9,1,0,1,0,0,22,7,14,6,10.744444444444444,8,10,8,11.8375,12.7,3.7,-1.7
12,1,6,1,1,22,27,10,10,0,0,0,0,1,44,6,12,4,12.75,6,15,2,10.0,8.9,1.4,3.51
1,1,9,1,1,22,27,10,10,1,0,1,0,0,20,5,9,2,10.0,5,10,2,11.0,7.6,2.6,0.32
1,1,2,1,1,13,4,10,3,1,1,1,0,0,19,0,0,0,0.0,0,0,0,0.0,12.7,3.7,-1.7
1,3,12,1,1,22,27,10,10,1,0,1,0,1,18,8,8,7,13.242857142857144,8,8,7,13.242857142857144,12.7,3.7,-1.7
8,2,11,1,1,13,27,10,10,1,0,0,0,0,18,6,7,5,12.6,6,6,5,11.8,11.1,0.6,2.02
9,1,17,0,1,23,28,6,6,0,0,1,0,1,21,5,6,4,12.25,5,8,4,11.8,10.8,1.4,1.74
9,5,16,1,1,13,27,8,8,1,0,1,0,0,20,6,10,4,12.75,6,14,3,11.333333333333334,10.8,1.4,1.74
1,1,10,1,1,23,28,5,8,1,0,1,0,1,18,6,14,0,0.0,6,9,4,11.0,7.6,2.6,0.32
14,2,9,1,1,13,27,6,10,1,0,1,0,0,18,5,10,1,14.0,5,10,1,14.0,7.6,2.6,0.32
12,1,6,1,1,22,27,10,10,1,1,1,0,0,27,6,11,6,12.125,6,16,5,12.0,12.4,0.5,1.79
8,1,16,1,1,23,27,6,8,1,1,1,0,0,18,6,12,4,13.5,6,14,3,10.666666666666666,10.8,1.4,1.74
1,1,17,0,1,13,27,10,10,1,0,1,0,0,20,5,10,0,0.0,5,10,0,0.0,7.6,2.6,0.32
8,2,6,1,1,22,27,10,8,1,0,1,0,0,19,5,15,3,14.0,5,10,4,11.75,9.4,-0.8,-3.12
15,1,6,1,14,1,29,4,10,1,0,1,0,0,20,6,9,6,12.666666666666666,6,10,4,11.5,13.9,-0.3,0.79
8,2,16,1,1,22,27,6,7,1,0,1,0,0,22,6,9,4,12.25,6,8,5,11.6,10.8,1.4,1.74
3,1,16,1,1,1,28,6,9,1,0,1,0,0,22,6,11,3,15.0,6,11,4,10.25,9.4,-0.8,-3.12
8,1,2,1,1,1,1,8,4,1,0,1,0,0,20,0,0,0,0.0,0,0,0,0.0,15.5,2.8,-4.06
8,3,15,1,1,1,14,6,8,0,0,1,0,0,18,6,6,6,13.5,6,6,6,13.333333333333334,12.4,0.5,1.79
12,1,3,0,1,22,27,6,5,0,0,1,0,0,45,6,8,5,13.6,6,7,5,13.0,15.5,2.8,-4.06
12,1,17,0,1,23,14,10,6,0,1,1,0,0,25,5,10,4,11.25,5,9,4,12.0,12.7,3.7,-1.7
1,2,9,1,1,23,28,10,6,1,0,1,1,0,20,5,12,3,10.5,5,10,4,11.25,12.4,0.5,1.79
1,3,10,1,1,1,1,10,10,1,0,1,1,0,22,6,6,4,11.25,6,7,3,11.0,8.9,1.4,3.51
1,4,12,1,1,13,27,8,8,1,0,1,1,0,20,7,7,6,13.016666666666666,7,7,6,13.016666666666666,7.6,2.6,0.32
1,1,5,1,1,4,29,3,3,1,0,1,0,0,18,6,10,6,11.714285714285714,6,15,6,10.375,13.9,-0.3,0.79
8,5,14,1,1,1,14,6,6,0,0,1,0,0,21,5,7,3,12.666666666666666,5,6,4,12.75,7.6,2.6,0.32
15,1,2,1,14,1,1,10,10,0,0,1,1,0,21,0,0,0,0.0,0,0,0,0.0,15.5,2.8,-4.06
8,2,5,1,1,3,1,3,5,1,0,1,1,0,18,6,6,6,13.0,6,8,1,10.0,10.8,1.4,1.74
8,2,6,1,1,3,14,3,10,0,0,1,1,0,18,5,5,3,14.0,5,7,3,12.666666666666666,7.6,2.6,0.32
1,1,11,1,1,22,14,10,10,1,0,1,1,0,25,6,8,6,13.166666666666666,6,8,5,12.6,7.6,2.6,0.32
8,1,7,1,1,22,1,10,3,1,0,1,1,0,18,5,10,4,13.0,5,10,3,12.333333333333334,7.6,2.6,0.32
1,1,6,1,1,3,1,5,10,1,0,1,1,0,21,6,15,3,11.25,6,9,0,0.0,12.4,0.5,1.79
12,2,13,1,1,22,14,10,9,0,0,1,1,1,24,7,13,6,10.857142857142858,7,7,7,11.857142857142858,12.7,3.7,-1.7
1,5,9,1,1,3,2,3,3,0,0,1,1,0,22,5,10,4,11.75,5,10,3,11.0,7.6,2.6,0.32
12,1,4,1,1,23,14,10,7,1,0,1,1,0,28,13,19,8,11.625,10,17,6,11.0,15.5,2.8,-4.06
1,6,7,1,1,2,1,4,6,1,0,1,1,0,18,5,10,0,0.0,5,10,1,10.0,7.6,2.6,0.32
6,1,9,1,1,1,1,10,8,0,1,1,1,0,21,5,9,3,12.333333333333334,5,8,4,11.25,8.9,1.4,3.51
12,1,17,0,1,13,14,8,9,0,0,1,0,0,28,5,8,4,11.5,5,7,4,12.0,10.8,1.4,1.74
1,1,9,1,1,1,1,5,7,1,0,1,0,0,21,5,9,3,10.666666666666666,5,13,2,12.5,7.6,2.6,0.32
1,2,15,1,1,22,27,10,8,1,0,1,0,0,20,6,12,1,17.0,6,12,1,17.0,9.4,-0.8,-3.12
1,1,14,1,1,22,27,10,7,0,0,1,0,1,18,5,7,3,12.666666666666666,5,5,4,12.5,9.4,-0.8,-3.12
8,2,12,1,1,1,1,6,11,1,0,1,0,0,18,7,9,5,14.06,7,9,6,12.571428571428571,12.4,0.5,1.79
12,1,17,0,1,22,28,10,10,0,0,1,0,0,30,5,11,3,10.333333333333334,5,10,4,12.8,12.4,0.5,1.79
8,1,10,1,1,22,27,10,10,1,0,1,0,0,18,6,9,4,11.5,6,10,4,10.75,7.6,2.6,0.32
1,1,12,1,1,2,2,4,4,1,0,1,1,0,18,7,8,6,11.833333333333334,7,8,6,11.833333333333334,7.6,2.6,0.32
1,1,10,1,1,22,27,8,10,0,0,1,0,0,19,6,12,2,13.0,6,9,6,10.833333333333334,7.6,2.6,0.32
1,2,10,1,1,1,14,5,9,0,0,1,0,0,20,6,13,0,0.0,5,11,0,0.0,9.4,-0.8,-3.12
4,1,12,1,3,22,27,10,6,0,0,1,0,0,32,7,9,7,13.761111111111113,8,11,7,12.06375,15.5,2.8,-4.06
1,1,9,1,1,22,1,5,11,0,0,1,0,0,18,5,6,4,11.25,5,8,5,11.0,10.8,1.4,1.74
3,4,16,1,1,3,28,4,9,1,0,1,0,0,21,6,9,5,12.6,6,9,3,11.666666666666666,9.4,-0.8,-3.12
9,2,16,1,1,1,14,4,10,1,0,1,1,0,18,6,7,5,12.6,6,6,6,13.0,10.8,1.4,1.74
1,1,5,1,1,1,28,6,8,1,0,1,1,0,20,6,6,4,12.0,6,8,2,11.333333333333334,10.8,1.4,1.74
14,1,5,1,1,13,14,8,9,1,0,1,1,1,19,6,6,4,13.0,6,7,5,12.2,13.9,-0.3,0.79
14,1,1,1,1,22,1,10,11,1,0,1,1,0,25,10,13,5,11.6,8,10,2,13.0,12.4,0.5,1.79
